{
  "type": "FeatureCollection",
  "features": [
    {
      "type": "Feature",
      "id": "wm2-f1-floor-shell",
      "properties": {
        "campus_id": "weishui",
        "building_id": "WM2",
        "building_key": "wm2",
        "building_place_id": "weishui.osm.way.440689410",
        "floor": 1,
        "level": 1,
        "georef_status": "verified",
        "georef_transform_id": "wm2-visual-redraw-20260927",
        "source_floorplan": "source/mingyuan_b_floors_1-3_reference.jpg",
        "render_class": "floor_shell"
      },
      "geometry": {
        "type": "Polygon",
        "coordinates": [
          [
            [
              108.8985507,
              34.369973
            ],
            [
              108.8984717,
              34.3701659
            ],
            [
              108.89854,
              34.3701849
            ],
            [
              108.898528,
              34.3702142
            ],
            [
              108.8985182,
              34.3702382
            ],
            [
              108.8986022,
              34.3702616
            ],
            [
              108.89858,
              34.3703159
            ],
            [
              108.8985578,
              34.3703702
            ],
            [
              108.8974287,
              34.3700555
            ],
            [
              108.8974946,
              34.3698985
            ],
            [
              108.8975605,
              34.3697415
            ],
            [
              108.8977312,
              34.3697892
            ],
            [
              108.8976927,
              34.3698829
            ],
            [
              108.8977617,
              34.3699022
            ],
            [
              108.8978183,
              34.3699181
            ],
            [
              108.8978489,
              34.3698434
            ],
            [
              108.8983097,
              34.3699722
            ],
            [
              108.8982775,
              34.3700506
            ],
            [
              108.8983173,
              34.3700618
            ],
            [
              108.8983739,
              34.3699237
            ],
            [
              108.8985507,
              34.369973
            ]
          ]
        ]
      }
    },
    {
      "type": "Feature",
      "id": "wm2-f1-corridor",
      "properties": {
        "campus_id": "weishui",
        "building_id": "WM2",
        "building_key": "wm2",
        "building_place_id": "weishui.osm.way.440689410",
        "floor": 1,
        "level": 1,
        "georef_status": "verified",
        "georef_transform_id": "wm2-visual-redraw-20260927",
        "source_floorplan": "source/mingyuan_b_floors_1-3_reference.jpg",
        "render_class": "corridor",
        "name": "走廊"
      },
      "geometry": {
        "type": "Polygon",
        "coordinates": [
          [
            [
              108.8983739,
              34.3699237
            ],
            [
              108.8983173,
              34.3700618
            ],
            [
              108.8982775,
              34.3700506
            ],
            [
              108.8983097,
              34.3699722
            ],
            [
              108.8978489,
              34.3698434
            ],
            [
              108.8978183,
              34.3699181
            ],
            [
              108.8977617,
              34.3699022
            ],
            [
              108.8976927,
              34.3698829
            ],
            [
              108.8977312,
              34.3697892
            ],
            [
              108.8975605,
              34.3697415
            ],
            [
              108.8974946,
              34.3698985
            ],
            [
              108.8974287,
              34.3700555
            ],
            [
              108.8985578,
              34.3703702
            ],
            [
              108.89858,
              34.3703159
            ],
            [
              108.8986022,
              34.3702616
            ],
            [
              108.8985182,
              34.3702382
            ],
            [
              108.898528,
              34.3702142
            ],
            [
              108.89854,
              34.3701849
            ],
            [
              108.8984717,
              34.3701659
            ],
            [
              108.8985507,
              34.369973
            ],
            [
              108.8983739,
              34.3699237
            ]
          ],
          [
            [
              108.89782847409943,
              34.36992885165777
            ],
            [
              108.8978582523492,
              34.3698608442309
            ],
            [
              108.8980525631376,
              34.369919631843736
            ],
            [
              108.89802278488784,
              34.36998763927061
            ],
            [
              108.89782847409943,
              34.36992885165777
            ]
          ],
          [
            [
              108.89811482684024,
              34.37001548603458
            ],
            [
              108.89814460509,
              34.36994747860771
            ],
            [
              108.898298008344,
              34.36999388988101
            ],
            [
              108.89826823009425,
              34.37006189730788
            ],
            [
              108.89811482684024,
              34.37001548603458
            ]
          ],
          [
            [
              108.8976194810069,
              34.369976333454495
            ],
            [
              108.89764553697545,
              34.369916826955986
            ],
            [
              108.89770178483525,
              34.36993384442286
            ],
            [
              108.8976757288667,
              34.36999335092137
            ],
            [
              108.8976194810069,
              34.369976333454495
            ]
          ],
          [
            [
              108.8979211740731,
              34.37006760895864
            ],
            [
              108.89794723004165,
              34.370008102460126
            ],
            [
              108.89800347790144,
              34.370025119927
            ],
            [
              108.89797742193291,
              34.370084626425516
            ],
            [
              108.8979211740731,
              34.37006760895864
            ]
          ],
          [
            [
              108.89829445532452,
              34.37018054305699
            ],
            [
              108.89832051129305,
              34.37012103655847
            ],
            [
              108.89837675915285,
              34.370138054025354
            ],
            [
              108.89835070318432,
              34.37019756052386
            ],
            [
              108.89829445532452,
              34.37018054305699
            ]
          ],
          [
            [
              108.89749370353351,
              34.37003214426324
            ],
            [
              108.89752534292387,
              34.369959886372186
            ],
            [
              108.89769919994508,
              34.37001248581526
            ],
            [
              108.89766756055471,
              34.37008474370631
            ],
            [
              108.89749370353351,
              34.37003214426324
            ]
          ],
          [
            [
              108.8977544890653,
              34.37011104342784
            ],
            [
              108.89778612845568,
              34.37003878553679
            ],
            [
              108.89797021236049,
              34.37009447906474
            ],
            [
              108.89793857297012,
              34.37016673695579
            ],
            [
              108.8977544890653,
              34.37011104342784
            ]
          ],
          [
            [
              108.89801016115531,
              34.370188395549995
            ],
            [
              108.89804180054568,
              34.37011613765895
            ],
            [
              108.89822588445048,
              34.370171831186894
            ],
            [
              108.89819424506013,
              34.37024408907795
            ],
            [
              108.89801016115531,
              34.370188395549995
            ]
          ]
        ]
      }
    },
    {
      "type": "Feature",
      "id": "wm2-f1-room-01",
      "properties": {
        "campus_id": "weishui",
        "building_id": "WM2",
        "building_key": "wm2",
        "building_place_id": "weishui.osm.way.440689410",
        "floor": 1,
        "level": 1,
        "georef_status": "verified",
        "georef_transform_id": "wm2-visual-redraw-20260927",
        "source_floorplan": "source/mingyuan_b_floors_1-3_reference.jpg",
        "render_class": "room",
        "kind": "classroom",
        "room_code": "WM2106",
        "name": "WM2106",
        "indoor_space_id": "weishui.wm2.wm2106",
        "verified": true
      },
      "geometry": {
        "type": "Polygon",
        "coordinates": [
          [
            [
              108.89769919994508,
              34.37001248581526
            ],
            [
              108.89766756055471,
              34.37008474370631
            ],
            [
              108.89749370353351,
              34.37003214426324
            ],
            [
              108.89752534292387,
              34.369959886372186
            ],
            [
              108.89769919994508,
              34.37001248581526
            ]
          ]
        ]
      }
    },
    {
      "type": "Feature",
      "id": "wm2-f1-wall-01",
      "properties": {
        "campus_id": "weishui",
        "building_id": "WM2",
        "building_key": "wm2",
        "building_place_id": "weishui.osm.way.440689410",
        "floor": 1,
        "level": 1,
        "georef_status": "verified",
        "georef_transform_id": "wm2-visual-redraw-20260927",
        "source_floorplan": "source/mingyuan_b_floors_1-3_reference.jpg",
        "render_class": "wall",
        "kind": "room_boundary"
      },
      "geometry": {
        "type": "LineString",
        "coordinates": [
          [
            108.89769919994508,
            34.37001248581526
          ],
          [
            108.89766756055471,
            34.37008474370631
          ],
          [
            108.89749370353351,
            34.37003214426324
          ],
          [
            108.89752534292387,
            34.369959886372186
          ],
          [
            108.89769919994508,
            34.37001248581526
          ]
        ]
      }
    },
    {
      "type": "Feature",
      "id": "wm2-f1-room-02",
      "properties": {
        "campus_id": "weishui",
        "building_id": "WM2",
        "building_key": "wm2",
        "building_place_id": "weishui.osm.way.440689410",
        "floor": 1,
        "level": 1,
        "georef_status": "verified",
        "georef_transform_id": "wm2-visual-redraw-20260927",
        "source_floorplan": "source/mingyuan_b_floors_1-3_reference.jpg",
        "render_class": "room",
        "kind": "classroom",
        "room_code": "WM2104",
        "name": "WM2104",
        "indoor_space_id": "weishui.wm2.wm2104",
        "verified": true
      },
      "geometry": {
        "type": "Polygon",
        "coordinates": [
          [
            [
              108.89797021236049,
              34.37009447906474
            ],
            [
              108.89793857297012,
              34.37016673695579
            ],
            [
              108.8977544890653,
              34.37011104342784
            ],
            [
              108.89778612845568,
              34.37003878553679
            ],
            [
              108.89797021236049,
              34.37009447906474
            ]
          ]
        ]
      }
    },
    {
      "type": "Feature",
      "id": "wm2-f1-wall-02",
      "properties": {
        "campus_id": "weishui",
        "building_id": "WM2",
        "building_key": "wm2",
        "building_place_id": "weishui.osm.way.440689410",
        "floor": 1,
        "level": 1,
        "georef_status": "verified",
        "georef_transform_id": "wm2-visual-redraw-20260927",
        "source_floorplan": "source/mingyuan_b_floors_1-3_reference.jpg",
        "render_class": "wall",
        "kind": "room_boundary"
      },
      "geometry": {
        "type": "LineString",
        "coordinates": [
          [
            108.89797021236049,
            34.37009447906474
          ],
          [
            108.89793857297012,
            34.37016673695579
          ],
          [
            108.8977544890653,
            34.37011104342784
          ],
          [
            108.89778612845568,
            34.37003878553679
          ],
          [
            108.89797021236049,
            34.37009447906474
          ]
        ]
      }
    },
    {
      "type": "Feature",
      "id": "wm2-f1-room-03",
      "properties": {
        "campus_id": "weishui",
        "building_id": "WM2",
        "building_key": "wm2",
        "building_place_id": "weishui.osm.way.440689410",
        "floor": 1,
        "level": 1,
        "georef_status": "verified",
        "georef_transform_id": "wm2-visual-redraw-20260927",
        "source_floorplan": "source/mingyuan_b_floors_1-3_reference.jpg",
        "render_class": "room",
        "kind": "classroom",
        "room_code": "WM2102",
        "name": "WM2102",
        "indoor_space_id": "weishui.wm2.wm2102",
        "verified": true
      },
      "geometry": {
        "type": "Polygon",
        "coordinates": [
          [
            [
              108.89822588445048,
              34.370171831186894
            ],
            [
              108.89819424506013,
              34.37024408907795
            ],
            [
              108.89801016115531,
              34.370188395549995
            ],
            [
              108.89804180054568,
              34.37011613765895
            ],
            [
              108.89822588445048,
              34.370171831186894
            ]
          ]
        ]
      }
    },
    {
      "type": "Feature",
      "id": "wm2-f1-wall-03",
      "properties": {
        "campus_id": "weishui",
        "building_id": "WM2",
        "building_key": "wm2",
        "building_place_id": "weishui.osm.way.440689410",
        "floor": 1,
        "level": 1,
        "georef_status": "verified",
        "georef_transform_id": "wm2-visual-redraw-20260927",
        "source_floorplan": "source/mingyuan_b_floors_1-3_reference.jpg",
        "render_class": "wall",
        "kind": "room_boundary"
      },
      "geometry": {
        "type": "LineString",
        "coordinates": [
          [
            108.89822588445048,
            34.370171831186894
          ],
          [
            108.89819424506013,
            34.37024408907795
          ],
          [
            108.89801016115531,
            34.370188395549995
          ],
          [
            108.89804180054568,
            34.37011613765895
          ],
          [
            108.89822588445048,
            34.370171831186894
          ]
        ]
      }
    },
    {
      "type": "Feature",
      "id": "wm2-f1-room-04",
      "properties": {
        "campus_id": "weishui",
        "building_id": "WM2",
        "building_key": "wm2",
        "building_place_id": "weishui.osm.way.440689410",
        "floor": 1,
        "level": 1,
        "georef_status": "verified",
        "georef_transform_id": "wm2-visual-redraw-20260927",
        "source_floorplan": "source/mingyuan_b_floors_1-3_reference.jpg",
        "render_class": "room",
        "kind": "classroom",
        "room_code": "WM2103",
        "name": "WM2103",
        "indoor_space_id": "weishui.wm2.wm2103",
        "verified": true
      },
      "geometry": {
        "type": "Polygon",
        "coordinates": [
          [
            [
              108.8980525631376,
              34.369919631843736
            ],
            [
              108.89802278488784,
              34.36998763927061
            ],
            [
              108.89782847409943,
              34.36992885165777
            ],
            [
              108.8978582523492,
              34.3698608442309
            ],
            [
              108.8980525631376,
              34.369919631843736
            ]
          ]
        ]
      }
    },
    {
      "type": "Feature",
      "id": "wm2-f1-wall-04",
      "properties": {
        "campus_id": "weishui",
        "building_id": "WM2",
        "building_key": "wm2",
        "building_place_id": "weishui.osm.way.440689410",
        "floor": 1,
        "level": 1,
        "georef_status": "verified",
        "georef_transform_id": "wm2-visual-redraw-20260927",
        "source_floorplan": "source/mingyuan_b_floors_1-3_reference.jpg",
        "render_class": "wall",
        "kind": "room_boundary"
      },
      "geometry": {
        "type": "LineString",
        "coordinates": [
          [
            108.8980525631376,
            34.369919631843736
          ],
          [
            108.89802278488784,
            34.36998763927061
          ],
          [
            108.89782847409943,
            34.36992885165777
          ],
          [
            108.8978582523492,
            34.3698608442309
          ],
          [
            108.8980525631376,
            34.369919631843736
          ]
        ]
      }
    },
    {
      "type": "Feature",
      "id": "wm2-f1-room-05",
      "properties": {
        "campus_id": "weishui",
        "building_id": "WM2",
        "building_key": "wm2",
        "building_place_id": "weishui.osm.way.440689410",
        "floor": 1,
        "level": 1,
        "georef_status": "verified",
        "georef_transform_id": "wm2-visual-redraw-20260927",
        "source_floorplan": "source/mingyuan_b_floors_1-3_reference.jpg",
        "render_class": "room",
        "kind": "classroom",
        "room_code": "WM2101",
        "name": "WM2101",
        "indoor_space_id": "weishui.wm2.wm2101",
        "verified": true
      },
      "geometry": {
        "type": "Polygon",
        "coordinates": [
          [
            [
              108.898298008344,
              34.36999388988101
            ],
            [
              108.89826823009425,
              34.37006189730788
            ],
            [
              108.89811482684024,
              34.37001548603458
            ],
            [
              108.89814460509,
              34.36994747860771
            ],
            [
              108.898298008344,
              34.36999388988101
            ]
          ]
        ]
      }
    },
    {
      "type": "Feature",
      "id": "wm2-f1-wall-05",
      "properties": {
        "campus_id": "weishui",
        "building_id": "WM2",
        "building_key": "wm2",
        "building_place_id": "weishui.osm.way.440689410",
        "floor": 1,
        "level": 1,
        "georef_status": "verified",
        "georef_transform_id": "wm2-visual-redraw-20260927",
        "source_floorplan": "source/mingyuan_b_floors_1-3_reference.jpg",
        "render_class": "wall",
        "kind": "room_boundary"
      },
      "geometry": {
        "type": "LineString",
        "coordinates": [
          [
            108.898298008344,
            34.36999388988101
          ],
          [
            108.89826823009425,
            34.37006189730788
          ],
          [
            108.89811482684024,
            34.37001548603458
          ],
          [
            108.89814460509,
            34.36994747860771
          ],
          [
            108.898298008344,
            34.36999388988101
          ]
        ]
      }
    },
    {
      "type": "Feature",
      "id": "wm2-f1-facility-01",
      "properties": {
        "campus_id": "weishui",
        "building_id": "WM2",
        "building_key": "wm2",
        "building_place_id": "weishui.osm.way.440689410",
        "floor": 1,
        "level": 1,
        "georef_status": "verified",
        "georef_transform_id": "wm2-visual-redraw-20260927",
        "source_floorplan": "source/mingyuan_b_floors_1-3_reference.jpg",
        "render_class": "facility",
        "kind": "stair",
        "space_type": "stair",
        "name": "楼梯",
        "facility_label": "楼梯"
      },
      "geometry": {
        "type": "Polygon",
        "coordinates": [
          [
            [
              108.89770178483525,
              34.36993384442286
            ],
            [
              108.8976757288667,
              34.36999335092137
            ],
            [
              108.8976194810069,
              34.369976333454495
            ],
            [
              108.89764553697545,
              34.369916826955986
            ],
            [
              108.89770178483525,
              34.36993384442286
            ]
          ]
        ]
      }
    },
    {
      "type": "Feature",
      "id": "wm2-f1-stair-detail-01",
      "properties": {
        "campus_id": "weishui",
        "building_id": "WM2",
        "building_key": "wm2",
        "building_place_id": "weishui.osm.way.440689410",
        "floor": 1,
        "level": 1,
        "georef_status": "verified",
        "georef_transform_id": "wm2-visual-redraw-20260927",
        "source_floorplan": "source/mingyuan_b_floors_1-3_reference.jpg",
        "render_class": "facility_detail",
        "kind": "stair_steps",
        "space_type": "stair"
      },
      "geometry": {
        "type": "MultiLineString",
        "coordinates": [
          [
            [
              108.89764562580709,
              34.36992852666982
            ],
            [
              108.89769266947164,
              34.369942759460294
            ]
          ],
          [
            [
              108.89764278756765,
              34.36993500862769
            ],
            [
              108.89768983123221,
              34.36994924141817
            ]
          ],
          [
            [
              108.89763994932822,
              34.36994149058557
            ],
            [
              108.89768699299279,
              34.369955723376044
            ]
          ],
          [
            [
              108.8976371110888,
              34.369947972543436
            ],
            [
              108.89768415475335,
              34.36996220533391
            ]
          ],
          [
            [
              108.89763427284936,
              34.36995445450131
            ],
            [
              108.89768131651392,
              34.36996868729179
            ]
          ],
          [
            [
              108.89763143460993,
              34.36996093645919
            ],
            [
              108.89767847827449,
              34.36997516924966
            ]
          ],
          [
            [
              108.8976285963705,
              34.36996741841706
            ],
            [
              108.89767564003506,
              34.36998165120754
            ]
          ]
        ]
      }
    },
    {
      "type": "Feature",
      "id": "wm2-f1-facility-02",
      "properties": {
        "campus_id": "weishui",
        "building_id": "WM2",
        "building_key": "wm2",
        "building_place_id": "weishui.osm.way.440689410",
        "floor": 1,
        "level": 1,
        "georef_status": "verified",
        "georef_transform_id": "wm2-visual-redraw-20260927",
        "source_floorplan": "source/mingyuan_b_floors_1-3_reference.jpg",
        "render_class": "facility",
        "kind": "stair",
        "space_type": "stair",
        "name": "楼梯",
        "facility_label": "楼梯"
      },
      "geometry": {
        "type": "Polygon",
        "coordinates": [
          [
            [
              108.89800347790144,
              34.370025119927
            ],
            [
              108.89797742193291,
              34.370084626425516
            ],
            [
              108.8979211740731,
              34.37006760895864
            ],
            [
              108.89794723004165,
              34.370008102460126
            ],
            [
              108.89800347790144,
              34.370025119927
            ]
          ]
        ]
      }
    },
    {
      "type": "Feature",
      "id": "wm2-f1-stair-detail-02",
      "properties": {
        "campus_id": "weishui",
        "building_id": "WM2",
        "building_key": "wm2",
        "building_place_id": "weishui.osm.way.440689410",
        "floor": 1,
        "level": 1,
        "georef_status": "verified",
        "georef_transform_id": "wm2-visual-redraw-20260927",
        "source_floorplan": "source/mingyuan_b_floors_1-3_reference.jpg",
        "render_class": "facility_detail",
        "kind": "stair_steps",
        "space_type": "stair"
      },
      "geometry": {
        "type": "MultiLineString",
        "coordinates": [
          [
            [
              108.89794731887329,
              34.370019802173964
            ],
            [
              108.89799436253784,
              34.37003403496444
            ]
          ],
          [
            [
              108.89794448063385,
              34.37002628413183
            ],
            [
              108.89799152429842,
              34.37004051692231
            ]
          ],
          [
            [
              108.89794164239443,
              34.37003276608971
            ],
            [
              108.897988686059,
              34.370046998880184
            ]
          ],
          [
            [
              108.897938804155,
              34.37003924804758
            ],
            [
              108.89798584781956,
              34.37005348083806
            ]
          ],
          [
            [
              108.89793596591556,
              34.37004573000546
            ],
            [
              108.89798300958013,
              34.370059962795935
            ]
          ],
          [
            [
              108.89793312767614,
              34.37005221196333
            ],
            [
              108.89798017134069,
              34.37006644475381
            ]
          ],
          [
            [
              108.8979302894367,
              34.3700586939212
            ],
            [
              108.89797733310127,
              34.37007292671168
            ]
          ]
        ]
      }
    },
    {
      "type": "Feature",
      "id": "wm2-f1-facility-03",
      "properties": {
        "campus_id": "weishui",
        "building_id": "WM2",
        "building_key": "wm2",
        "building_place_id": "weishui.osm.way.440689410",
        "floor": 1,
        "level": 1,
        "georef_status": "verified",
        "georef_transform_id": "wm2-visual-redraw-20260927",
        "source_floorplan": "source/mingyuan_b_floors_1-3_reference.jpg",
        "render_class": "facility",
        "kind": "stair",
        "space_type": "stair",
        "name": "楼梯",
        "facility_label": "楼梯"
      },
      "geometry": {
        "type": "Polygon",
        "coordinates": [
          [
            [
              108.89837675915285,
              34.370138054025354
            ],
            [
              108.89835070318432,
              34.37019756052386
            ],
            [
              108.89829445532452,
              34.37018054305699
            ],
            [
              108.89832051129305,
              34.37012103655847
            ],
            [
              108.89837675915285,
              34.370138054025354
            ]
          ]
        ]
      }
    },
    {
      "type": "Feature",
      "id": "wm2-f1-stair-detail-03",
      "properties": {
        "campus_id": "weishui",
        "building_id": "WM2",
        "building_key": "wm2",
        "building_place_id": "weishui.osm.way.440689410",
        "floor": 1,
        "level": 1,
        "georef_status": "verified",
        "georef_transform_id": "wm2-visual-redraw-20260927",
        "source_floorplan": "source/mingyuan_b_floors_1-3_reference.jpg",
        "render_class": "facility_detail",
        "kind": "stair_steps",
        "space_type": "stair"
      },
      "geometry": {
        "type": "MultiLineString",
        "coordinates": [
          [
            [
              108.89832060012469,
              34.37013273627231
            ],
            [
              108.89836764378926,
              34.37014696906279
            ]
          ],
          [
            [
              108.89831776188527,
              34.370139218230186
            ],
            [
              108.89836480554982,
              34.37015345102066
            ]
          ],
          [
            [
              108.89831492364583,
              34.370145700188054
            ],
            [
              108.8983619673104,
              34.37015993297853
            ]
          ],
          [
            [
              108.8983120854064,
              34.37015218214593
            ],
            [
              108.89835912907097,
              34.370166414936406
            ]
          ],
          [
            [
              108.89830924716698,
              34.370158664103805
            ],
            [
              108.89835629083153,
              34.37017289689428
            ]
          ],
          [
            [
              108.89830640892754,
              34.37016514606168
            ],
            [
              108.8983534525921,
              34.37017937885216
            ]
          ],
          [
            [
              108.89830357068811,
              34.37017162801955
            ],
            [
              108.89835061435268,
              34.370185860810025
            ]
          ]
        ]
      }
    },
    {
      "type": "Feature",
      "id": "wm2-f2-floor-shell",
      "properties": {
        "campus_id": "weishui",
        "building_id": "WM2",
        "building_key": "wm2",
        "building_place_id": "weishui.osm.way.440689410",
        "floor": 2,
        "level": 2,
        "georef_status": "verified",
        "georef_transform_id": "wm2-visual-redraw-20260927",
        "source_floorplan": "source/mingyuan_b_floors_1-3_reference.jpg",
        "render_class": "floor_shell"
      },
      "geometry": {
        "type": "Polygon",
        "coordinates": [
          [
            [
              108.8985507,
              34.369973
            ],
            [
              108.8984717,
              34.3701659
            ],
            [
              108.89854,
              34.3701849
            ],
            [
              108.898528,
              34.3702142
            ],
            [
              108.8985182,
              34.3702382
            ],
            [
              108.8986022,
              34.3702616
            ],
            [
              108.89858,
              34.3703159
            ],
            [
              108.8985578,
              34.3703702
            ],
            [
              108.8974287,
              34.3700555
            ],
            [
              108.8974946,
              34.3698985
            ],
            [
              108.8975605,
              34.3697415
            ],
            [
              108.8977312,
              34.3697892
            ],
            [
              108.8976927,
              34.3698829
            ],
            [
              108.8977617,
              34.3699022
            ],
            [
              108.8978183,
              34.3699181
            ],
            [
              108.8978489,
              34.3698434
            ],
            [
              108.8983097,
              34.3699722
            ],
            [
              108.8982775,
              34.3700506
            ],
            [
              108.8983173,
              34.3700618
            ],
            [
              108.8983739,
              34.3699237
            ],
            [
              108.8985507,
              34.369973
            ]
          ]
        ]
      }
    },
    {
      "type": "Feature",
      "id": "wm2-f2-corridor",
      "properties": {
        "campus_id": "weishui",
        "building_id": "WM2",
        "building_key": "wm2",
        "building_place_id": "weishui.osm.way.440689410",
        "floor": 2,
        "level": 2,
        "georef_status": "verified",
        "georef_transform_id": "wm2-visual-redraw-20260927",
        "source_floorplan": "source/mingyuan_b_floors_1-3_reference.jpg",
        "render_class": "corridor",
        "name": "走廊"
      },
      "geometry": {
        "type": "Polygon",
        "coordinates": [
          [
            [
              108.8983739,
              34.3699237
            ],
            [
              108.8983173,
              34.3700618
            ],
            [
              108.8982775,
              34.3700506
            ],
            [
              108.8983097,
              34.3699722
            ],
            [
              108.8978489,
              34.3698434
            ],
            [
              108.8978183,
              34.3699181
            ],
            [
              108.8977617,
              34.3699022
            ],
            [
              108.8976927,
              34.3698829
            ],
            [
              108.8977312,
              34.3697892
            ],
            [
              108.8975605,
              34.3697415
            ],
            [
              108.8974946,
              34.3698985
            ],
            [
              108.8974287,
              34.3700555
            ],
            [
              108.8985578,
              34.3703702
            ],
            [
              108.89858,
              34.3703159
            ],
            [
              108.8986022,
              34.3702616
            ],
            [
              108.8985182,
              34.3702382
            ],
            [
              108.898528,
              34.3702142
            ],
            [
              108.89854,
              34.3701849
            ],
            [
              108.8984717,
              34.3701659
            ],
            [
              108.8985507,
              34.369973
            ],
            [
              108.8983739,
              34.3699237
            ]
          ],
          [
            [
              108.89782847409943,
              34.36992885165777
            ],
            [
              108.8978582523492,
              34.3698608442309
            ],
            [
              108.8980525631376,
              34.369919631843736
            ],
            [
              108.89802278488784,
              34.36998763927061
            ],
            [
              108.89782847409943,
              34.36992885165777
            ]
          ],
          [
            [
              108.89805857898044,
              34.36999846856771
            ],
            [
              108.8980883572302,
              34.36993046114084
            ],
            [
              108.89827244113499,
              34.369986154668794
            ],
            [
              108.89824266288524,
              34.37005416209566
            ],
            [
              108.89805857898044,
              34.36999846856771
            ]
          ],
          [
            [
              108.89763437013178,
              34.36994232974106
            ],
            [
              108.89766042610032,
              34.36988282324255
            ],
            [
              108.89771667396012,
              34.36989984070942
            ],
            [
              108.89769061799159,
              34.36995934720793
            ],
            [
              108.89763437013178,
              34.36994232974106
            ]
          ],
          [
            [
              108.89799231105779,
              34.37005062271208
            ],
            [
              108.89793606319799,
              34.370033605245204
            ],
            [
              108.89796211916652,
              34.369974098746695
            ],
            [
              108.89801836702632,
              34.36999111621357
            ],
            [
              108.89799231105779,
              34.37005062271208
            ]
          ],
          [
            [
              108.89766756055471,
              34.37008474370631
            ],
            [
              108.89749370353351,
              34.37003214426324
            ],
            [
              108.89752534292387,
              34.369959886372186
            ],
            [
              108.89769919994508,
              34.37001248581526
            ],
            [
              108.89766756055471,
              34.37008474370631
            ]
          ],
          [
            [
              108.8977544890653,
              34.37011104342784
            ],
            [
              108.89778612845568,
              34.37003878553679
            ],
            [
              108.89797021236049,
              34.37009447906474
            ],
            [
              108.89793857297012,
              34.37016673695579
            ],
            [
              108.8977544890653,
              34.37011104342784
            ]
          ],
          [
            [
              108.89848532577048,
              34.37010832419133
            ],
            [
              108.89832169563287,
              34.37005881883315
            ],
            [
              108.89837008528873,
              34.369948306764485
            ],
            [
              108.89853371542634,
              34.36999781212266
            ],
            [
              108.89848532577048,
              34.37010832419133
            ]
          ],
          [
            [
              108.89836559230919,
              34.370163556810425
            ],
            [
              108.89830934444939,
              34.37014653934355
            ],
            [
              108.89833540041793,
              34.37008703284504
            ],
            [
              108.89839164827774,
              34.370104050311916
            ],
            [
              108.89836559230919,
              34.370163556810425
            ]
          ],
          [
            [
              108.89847827607004,
              34.37032280071605
            ],
            [
              108.89851177660101,
              34.37024629236082
            ],
            [
              108.89856291101901,
              34.370261762785255
            ],
            [
              108.89852941048804,
              34.37033827114048
            ],
            [
              108.89847827607004,
              34.37032280071605
            ]
          ],
          [
            [
              108.89819424506013,
              34.37024408907795
            ],
            [
              108.89801016115531,
              34.370188395549995
            ],
            [
              108.89804180054568,
              34.37011613765895
            ],
            [
              108.89822588445048,
              34.370171831186894
            ],
            [
              108.89819424506013,
              34.37024408907795
            ]
          ],
          [
            [
              108.89846014403372,
              34.37032453528499
            ],
            [
              108.89827606012892,
              34.37026884175704
            ],
            [
              108.8983076995193,
              34.37019658386599
            ],
            [
              108.89849178342409,
              34.37025227739394
            ],
            [
              108.89846014403372,
              34.37032453528499
            ]
          ]
        ]
      }
    },
    {
      "type": "Feature",
      "id": "wm2-f2-room-01",
      "properties": {
        "campus_id": "weishui",
        "building_id": "WM2",
        "building_key": "wm2",
        "building_place_id": "weishui.osm.way.440689410",
        "floor": 2,
        "level": 2,
        "georef_status": "verified",
        "georef_transform_id": "wm2-visual-redraw-20260927",
        "source_floorplan": "source/mingyuan_b_floors_1-3_reference.jpg",
        "render_class": "room",
        "kind": "classroom",
        "room_code": "WM2208",
        "name": "WM2208",
        "indoor_space_id": "weishui.wm2.wm2208",
        "verified": true
      },
      "geometry": {
        "type": "Polygon",
        "coordinates": [
          [
            [
              108.89769919994508,
              34.37001248581526
            ],
            [
              108.89766756055471,
              34.37008474370631
            ],
            [
              108.89749370353351,
              34.37003214426324
            ],
            [
              108.89752534292387,
              34.369959886372186
            ],
            [
              108.89769919994508,
              34.37001248581526
            ]
          ]
        ]
      }
    },
    {
      "type": "Feature",
      "id": "wm2-f2-wall-01",
      "properties": {
        "campus_id": "weishui",
        "building_id": "WM2",
        "building_key": "wm2",
        "building_place_id": "weishui.osm.way.440689410",
        "floor": 2,
        "level": 2,
        "georef_status": "verified",
        "georef_transform_id": "wm2-visual-redraw-20260927",
        "source_floorplan": "source/mingyuan_b_floors_1-3_reference.jpg",
        "render_class": "wall",
        "kind": "room_boundary"
      },
      "geometry": {
        "type": "LineString",
        "coordinates": [
          [
            108.89769919994508,
            34.37001248581526
          ],
          [
            108.89766756055471,
            34.37008474370631
          ],
          [
            108.89749370353351,
            34.37003214426324
          ],
          [
            108.89752534292387,
            34.369959886372186
          ],
          [
            108.89769919994508,
            34.37001248581526
          ]
        ]
      }
    },
    {
      "type": "Feature",
      "id": "wm2-f2-room-02",
      "properties": {
        "campus_id": "weishui",
        "building_id": "WM2",
        "building_key": "wm2",
        "building_place_id": "weishui.osm.way.440689410",
        "floor": 2,
        "level": 2,
        "georef_status": "verified",
        "georef_transform_id": "wm2-visual-redraw-20260927",
        "source_floorplan": "source/mingyuan_b_floors_1-3_reference.jpg",
        "render_class": "room",
        "kind": "classroom",
        "room_code": "WM2206",
        "name": "WM2206",
        "indoor_space_id": "weishui.wm2.wm2206",
        "verified": true
      },
      "geometry": {
        "type": "Polygon",
        "coordinates": [
          [
            [
              108.89797021236049,
              34.37009447906474
            ],
            [
              108.89793857297012,
              34.37016673695579
            ],
            [
              108.8977544890653,
              34.37011104342784
            ],
            [
              108.89778612845568,
              34.37003878553679
            ],
            [
              108.89797021236049,
              34.37009447906474
            ]
          ]
        ]
      }
    },
    {
      "type": "Feature",
      "id": "wm2-f2-wall-02",
      "properties": {
        "campus_id": "weishui",
        "building_id": "WM2",
        "building_key": "wm2",
        "building_place_id": "weishui.osm.way.440689410",
        "floor": 2,
        "level": 2,
        "georef_status": "verified",
        "georef_transform_id": "wm2-visual-redraw-20260927",
        "source_floorplan": "source/mingyuan_b_floors_1-3_reference.jpg",
        "render_class": "wall",
        "kind": "room_boundary"
      },
      "geometry": {
        "type": "LineString",
        "coordinates": [
          [
            108.89797021236049,
            34.37009447906474
          ],
          [
            108.89793857297012,
            34.37016673695579
          ],
          [
            108.8977544890653,
            34.37011104342784
          ],
          [
            108.89778612845568,
            34.37003878553679
          ],
          [
            108.89797021236049,
            34.37009447906474
          ]
        ]
      }
    },
    {
      "type": "Feature",
      "id": "wm2-f2-room-03",
      "properties": {
        "campus_id": "weishui",
        "building_id": "WM2",
        "building_key": "wm2",
        "building_place_id": "weishui.osm.way.440689410",
        "floor": 2,
        "level": 2,
        "georef_status": "verified",
        "georef_transform_id": "wm2-visual-redraw-20260927",
        "source_floorplan": "source/mingyuan_b_floors_1-3_reference.jpg",
        "render_class": "room",
        "kind": "classroom",
        "room_code": "WM2204",
        "name": "WM2204",
        "indoor_space_id": "weishui.wm2.wm2204",
        "verified": true
      },
      "geometry": {
        "type": "Polygon",
        "coordinates": [
          [
            [
              108.89822588445048,
              34.370171831186894
            ],
            [
              108.89819424506013,
              34.37024408907795
            ],
            [
              108.89801016115531,
              34.370188395549995
            ],
            [
              108.89804180054568,
              34.37011613765895
            ],
            [
              108.89822588445048,
              34.370171831186894
            ]
          ]
        ]
      }
    },
    {
      "type": "Feature",
      "id": "wm2-f2-wall-03",
      "properties": {
        "campus_id": "weishui",
        "building_id": "WM2",
        "building_key": "wm2",
        "building_place_id": "weishui.osm.way.440689410",
        "floor": 2,
        "level": 2,
        "georef_status": "verified",
        "georef_transform_id": "wm2-visual-redraw-20260927",
        "source_floorplan": "source/mingyuan_b_floors_1-3_reference.jpg",
        "render_class": "wall",
        "kind": "room_boundary"
      },
      "geometry": {
        "type": "LineString",
        "coordinates": [
          [
            108.89822588445048,
            34.370171831186894
          ],
          [
            108.89819424506013,
            34.37024408907795
          ],
          [
            108.89801016115531,
            34.370188395549995
          ],
          [
            108.89804180054568,
            34.37011613765895
          ],
          [
            108.89822588445048,
            34.370171831186894
          ]
        ]
      }
    },
    {
      "type": "Feature",
      "id": "wm2-f2-room-04",
      "properties": {
        "campus_id": "weishui",
        "building_id": "WM2",
        "building_key": "wm2",
        "building_place_id": "weishui.osm.way.440689410",
        "floor": 2,
        "level": 2,
        "georef_status": "verified",
        "georef_transform_id": "wm2-visual-redraw-20260927",
        "source_floorplan": "source/mingyuan_b_floors_1-3_reference.jpg",
        "render_class": "room",
        "kind": "classroom",
        "room_code": "WM2202",
        "name": "WM2202",
        "indoor_space_id": "weishui.wm2.wm2202",
        "verified": true
      },
      "geometry": {
        "type": "Polygon",
        "coordinates": [
          [
            [
              108.89849178342409,
              34.37025227739394
            ],
            [
              108.89846014403372,
              34.37032453528499
            ],
            [
              108.89827606012892,
              34.37026884175704
            ],
            [
              108.8983076995193,
              34.37019658386599
            ],
            [
              108.89849178342409,
              34.37025227739394
            ]
          ]
        ]
      }
    },
    {
      "type": "Feature",
      "id": "wm2-f2-wall-04",
      "properties": {
        "campus_id": "weishui",
        "building_id": "WM2",
        "building_key": "wm2",
        "building_place_id": "weishui.osm.way.440689410",
        "floor": 2,
        "level": 2,
        "georef_status": "verified",
        "georef_transform_id": "wm2-visual-redraw-20260927",
        "source_floorplan": "source/mingyuan_b_floors_1-3_reference.jpg",
        "render_class": "wall",
        "kind": "room_boundary"
      },
      "geometry": {
        "type": "LineString",
        "coordinates": [
          [
            108.89849178342409,
            34.37025227739394
          ],
          [
            108.89846014403372,
            34.37032453528499
          ],
          [
            108.89827606012892,
            34.37026884175704
          ],
          [
            108.8983076995193,
            34.37019658386599
          ],
          [
            108.89849178342409,
            34.37025227739394
          ]
        ]
      }
    },
    {
      "type": "Feature",
      "id": "wm2-f2-room-05",
      "properties": {
        "campus_id": "weishui",
        "building_id": "WM2",
        "building_key": "wm2",
        "building_place_id": "weishui.osm.way.440689410",
        "floor": 2,
        "level": 2,
        "georef_status": "verified",
        "georef_transform_id": "wm2-visual-redraw-20260927",
        "source_floorplan": "source/mingyuan_b_floors_1-3_reference.jpg",
        "render_class": "room",
        "kind": "classroom",
        "room_code": "WM2205",
        "name": "WM2205",
        "indoor_space_id": "weishui.wm2.wm2205",
        "verified": true
      },
      "geometry": {
        "type": "Polygon",
        "coordinates": [
          [
            [
              108.8980525631376,
              34.369919631843736
            ],
            [
              108.89802278488784,
              34.36998763927061
            ],
            [
              108.89782847409943,
              34.36992885165777
            ],
            [
              108.8978582523492,
              34.3698608442309
            ],
            [
              108.8980525631376,
              34.369919631843736
            ]
          ]
        ]
      }
    },
    {
      "type": "Feature",
      "id": "wm2-f2-wall-05",
      "properties": {
        "campus_id": "weishui",
        "building_id": "WM2",
        "building_key": "wm2",
        "building_place_id": "weishui.osm.way.440689410",
        "floor": 2,
        "level": 2,
        "georef_status": "verified",
        "georef_transform_id": "wm2-visual-redraw-20260927",
        "source_floorplan": "source/mingyuan_b_floors_1-3_reference.jpg",
        "render_class": "wall",
        "kind": "room_boundary"
      },
      "geometry": {
        "type": "LineString",
        "coordinates": [
          [
            108.8980525631376,
            34.369919631843736
          ],
          [
            108.89802278488784,
            34.36998763927061
          ],
          [
            108.89782847409943,
            34.36992885165777
          ],
          [
            108.8978582523492,
            34.3698608442309
          ],
          [
            108.8980525631376,
            34.369919631843736
          ]
        ]
      }
    },
    {
      "type": "Feature",
      "id": "wm2-f2-room-06",
      "properties": {
        "campus_id": "weishui",
        "building_id": "WM2",
        "building_key": "wm2",
        "building_place_id": "weishui.osm.way.440689410",
        "floor": 2,
        "level": 2,
        "georef_status": "verified",
        "georef_transform_id": "wm2-visual-redraw-20260927",
        "source_floorplan": "source/mingyuan_b_floors_1-3_reference.jpg",
        "render_class": "room",
        "kind": "classroom",
        "room_code": "WM2203",
        "name": "WM2203",
        "indoor_space_id": "weishui.wm2.wm2203",
        "verified": true
      },
      "geometry": {
        "type": "Polygon",
        "coordinates": [
          [
            [
              108.89827244113499,
              34.369986154668794
            ],
            [
              108.89824266288524,
              34.37005416209566
            ],
            [
              108.89805857898044,
              34.36999846856771
            ],
            [
              108.8980883572302,
              34.36993046114084
            ],
            [
              108.89827244113499,
              34.369986154668794
            ]
          ]
        ]
      }
    },
    {
      "type": "Feature",
      "id": "wm2-f2-wall-06",
      "properties": {
        "campus_id": "weishui",
        "building_id": "WM2",
        "building_key": "wm2",
        "building_place_id": "weishui.osm.way.440689410",
        "floor": 2,
        "level": 2,
        "georef_status": "verified",
        "georef_transform_id": "wm2-visual-redraw-20260927",
        "source_floorplan": "source/mingyuan_b_floors_1-3_reference.jpg",
        "render_class": "wall",
        "kind": "room_boundary"
      },
      "geometry": {
        "type": "LineString",
        "coordinates": [
          [
            108.89827244113499,
            34.369986154668794
          ],
          [
            108.89824266288524,
            34.37005416209566
          ],
          [
            108.89805857898044,
            34.36999846856771
          ],
          [
            108.8980883572302,
            34.36993046114084
          ],
          [
            108.89827244113499,
            34.369986154668794
          ]
        ]
      }
    },
    {
      "type": "Feature",
      "id": "wm2-f2-room-07",
      "properties": {
        "campus_id": "weishui",
        "building_id": "WM2",
        "building_key": "wm2",
        "building_place_id": "weishui.osm.way.440689410",
        "floor": 2,
        "level": 2,
        "georef_status": "verified",
        "georef_transform_id": "wm2-visual-redraw-20260927",
        "source_floorplan": "source/mingyuan_b_floors_1-3_reference.jpg",
        "render_class": "room",
        "kind": "classroom",
        "room_code": "WM2201",
        "name": "WM2201",
        "indoor_space_id": "weishui.wm2.wm2201",
        "verified": true
      },
      "geometry": {
        "type": "Polygon",
        "coordinates": [
          [
            [
              108.89853371542634,
              34.36999781212266
            ],
            [
              108.89848532577048,
              34.37010832419133
            ],
            [
              108.89832169563287,
              34.37005881883315
            ],
            [
              108.89837008528873,
              34.369948306764485
            ],
            [
              108.89853371542634,
              34.36999781212266
            ]
          ]
        ]
      }
    },
    {
      "type": "Feature",
      "id": "wm2-f2-wall-07",
      "properties": {
        "campus_id": "weishui",
        "building_id": "WM2",
        "building_key": "wm2",
        "building_place_id": "weishui.osm.way.440689410",
        "floor": 2,
        "level": 2,
        "georef_status": "verified",
        "georef_transform_id": "wm2-visual-redraw-20260927",
        "source_floorplan": "source/mingyuan_b_floors_1-3_reference.jpg",
        "render_class": "wall",
        "kind": "room_boundary"
      },
      "geometry": {
        "type": "LineString",
        "coordinates": [
          [
            108.89853371542634,
            34.36999781212266
          ],
          [
            108.89848532577048,
            34.37010832419133
          ],
          [
            108.89832169563287,
            34.37005881883315
          ],
          [
            108.89837008528873,
            34.369948306764485
          ],
          [
            108.89853371542634,
            34.36999781212266
          ]
        ]
      }
    },
    {
      "type": "Feature",
      "id": "wm2-f2-facility-01",
      "properties": {
        "campus_id": "weishui",
        "building_id": "WM2",
        "building_key": "wm2",
        "building_place_id": "weishui.osm.way.440689410",
        "floor": 2,
        "level": 2,
        "georef_status": "verified",
        "georef_transform_id": "wm2-visual-redraw-20260927",
        "source_floorplan": "source/mingyuan_b_floors_1-3_reference.jpg",
        "render_class": "facility",
        "kind": "stair",
        "space_type": "stair",
        "name": "楼梯",
        "facility_label": "楼梯"
      },
      "geometry": {
        "type": "Polygon",
        "coordinates": [
          [
            [
              108.89771667396012,
              34.36989984070942
            ],
            [
              108.89769061799159,
              34.36995934720793
            ],
            [
              108.89763437013178,
              34.36994232974106
            ],
            [
              108.89766042610032,
              34.36988282324255
            ],
            [
              108.89771667396012,
              34.36989984070942
            ]
          ]
        ]
      }
    },
    {
      "type": "Feature",
      "id": "wm2-f2-stair-detail-01",
      "properties": {
        "campus_id": "weishui",
        "building_id": "WM2",
        "building_key": "wm2",
        "building_place_id": "weishui.osm.way.440689410",
        "floor": 2,
        "level": 2,
        "georef_status": "verified",
        "georef_transform_id": "wm2-visual-redraw-20260927",
        "source_floorplan": "source/mingyuan_b_floors_1-3_reference.jpg",
        "render_class": "facility_detail",
        "kind": "stair_steps",
        "space_type": "stair"
      },
      "geometry": {
        "type": "MultiLineString",
        "coordinates": [
          [
            [
              108.89766051493196,
              34.36989452295638
            ],
            [
              108.89770755859652,
              34.369908755746856
            ]
          ],
          [
            [
              108.89765767669253,
              34.369901004914254
            ],
            [
              108.8977047203571,
              34.36991523770473
            ]
          ],
          [
            [
              108.89765483845311,
              34.36990748687213
            ],
            [
              108.89770188211766,
              34.36992171966261
            ]
          ],
          [
            [
              108.89765200021367,
              34.369913968830005
            ],
            [
              108.89769904387823,
              34.36992820162048
            ]
          ],
          [
            [
              108.89764916197424,
              34.36992045078787
            ],
            [
              108.89769620563881,
              34.36993468357835
            ]
          ],
          [
            [
              108.8976463237348,
              34.36992693274575
            ],
            [
              108.89769336739937,
              34.369941165536225
            ]
          ],
          [
            [
              108.89764348549538,
              34.369933414703624
            ],
            [
              108.89769052915995,
              34.3699476474941
            ]
          ]
        ]
      }
    },
    {
      "type": "Feature",
      "id": "wm2-f2-facility-02",
      "properties": {
        "campus_id": "weishui",
        "building_id": "WM2",
        "building_key": "wm2",
        "building_place_id": "weishui.osm.way.440689410",
        "floor": 2,
        "level": 2,
        "georef_status": "verified",
        "georef_transform_id": "wm2-visual-redraw-20260927",
        "source_floorplan": "source/mingyuan_b_floors_1-3_reference.jpg",
        "render_class": "facility",
        "kind": "stair",
        "space_type": "stair",
        "name": "楼梯",
        "facility_label": "楼梯"
      },
      "geometry": {
        "type": "Polygon",
        "coordinates": [
          [
            [
              108.89801836702632,
              34.36999111621357
            ],
            [
              108.89799231105779,
              34.37005062271208
            ],
            [
              108.89793606319799,
              34.370033605245204
            ],
            [
              108.89796211916652,
              34.369974098746695
            ],
            [
              108.89801836702632,
              34.36999111621357
            ]
          ]
        ]
      }
    },
    {
      "type": "Feature",
      "id": "wm2-f2-stair-detail-02",
      "properties": {
        "campus_id": "weishui",
        "building_id": "WM2",
        "building_key": "wm2",
        "building_place_id": "weishui.osm.way.440689410",
        "floor": 2,
        "level": 2,
        "georef_status": "verified",
        "georef_transform_id": "wm2-visual-redraw-20260927",
        "source_floorplan": "source/mingyuan_b_floors_1-3_reference.jpg",
        "render_class": "facility_detail",
        "kind": "stair_steps",
        "space_type": "stair"
      },
      "geometry": {
        "type": "MultiLineString",
        "coordinates": [
          [
            [
              108.89796220799816,
              34.369985798460526
            ],
            [
              108.89800925166273,
              34.370000031251
            ]
          ],
          [
            [
              108.89795936975874,
              34.3699922804184
            ],
            [
              108.8980064134233,
              34.37000651320888
            ]
          ],
          [
            [
              108.89795653151931,
              34.36999876237628
            ],
            [
              108.89800357518386,
              34.37001299516675
            ]
          ],
          [
            [
              108.89795369327987,
              34.370005244334145
            ],
            [
              108.89800073694444,
              34.37001947712462
            ]
          ],
          [
            [
              108.89795085504045,
              34.37001172629202
            ],
            [
              108.897997898705,
              34.3700259590825
            ]
          ],
          [
            [
              108.89794801680101,
              34.370018208249896
            ],
            [
              108.89799506046558,
              34.37003244104037
            ]
          ],
          [
            [
              108.89794517856159,
              34.37002469020777
            ],
            [
              108.89799222222615,
              34.37003892299825
            ]
          ]
        ]
      }
    },
    {
      "type": "Feature",
      "id": "wm2-f2-facility-03",
      "properties": {
        "campus_id": "weishui",
        "building_id": "WM2",
        "building_key": "wm2",
        "building_place_id": "weishui.osm.way.440689410",
        "floor": 2,
        "level": 2,
        "georef_status": "verified",
        "georef_transform_id": "wm2-visual-redraw-20260927",
        "source_floorplan": "source/mingyuan_b_floors_1-3_reference.jpg",
        "render_class": "facility",
        "kind": "stair",
        "space_type": "stair",
        "name": "楼梯",
        "facility_label": "楼梯"
      },
      "geometry": {
        "type": "Polygon",
        "coordinates": [
          [
            [
              108.89839164827774,
              34.370104050311916
            ],
            [
              108.89836559230919,
              34.370163556810425
            ],
            [
              108.89830934444939,
              34.37014653934355
            ],
            [
              108.89833540041793,
              34.37008703284504
            ],
            [
              108.89839164827774,
              34.370104050311916
            ]
          ]
        ]
      }
    },
    {
      "type": "Feature",
      "id": "wm2-f2-stair-detail-03",
      "properties": {
        "campus_id": "weishui",
        "building_id": "WM2",
        "building_key": "wm2",
        "building_place_id": "weishui.osm.way.440689410",
        "floor": 2,
        "level": 2,
        "georef_status": "verified",
        "georef_transform_id": "wm2-visual-redraw-20260927",
        "source_floorplan": "source/mingyuan_b_floors_1-3_reference.jpg",
        "render_class": "facility_detail",
        "kind": "stair_steps",
        "space_type": "stair"
      },
      "geometry": {
        "type": "MultiLineString",
        "coordinates": [
          [
            [
              108.89833548924958,
              34.37009873255887
            ],
            [
              108.89838253291413,
              34.37011296534935
            ]
          ],
          [
            [
              108.89833265101014,
              34.37010521451675
            ],
            [
              108.8983796946747,
              34.370119447307225
            ]
          ],
          [
            [
              108.89832981277071,
              34.37011169647462
            ],
            [
              108.89837685643528,
              34.3701259292651
            ]
          ],
          [
            [
              108.89832697453129,
              34.3701181784325
            ],
            [
              108.89837401819584,
              34.370132411222976
            ]
          ],
          [
            [
              108.89832413629185,
              34.37012466039037
            ],
            [
              108.89837117995641,
              34.370138893180844
            ]
          ],
          [
            [
              108.89832129805242,
              34.37013114234824
            ],
            [
              108.89836834171699,
              34.37014537513872
            ]
          ],
          [
            [
              108.898318459813,
              34.37013762430612
            ],
            [
              108.89836550347755,
              34.370151857096594
            ]
          ]
        ]
      }
    },
    {
      "type": "Feature",
      "id": "wm2-f2-facility-04",
      "properties": {
        "campus_id": "weishui",
        "building_id": "WM2",
        "building_key": "wm2",
        "building_place_id": "weishui.osm.way.440689410",
        "floor": 2,
        "level": 2,
        "georef_status": "verified",
        "georef_transform_id": "wm2-visual-redraw-20260927",
        "source_floorplan": "source/mingyuan_b_floors_1-3_reference.jpg",
        "render_class": "facility",
        "kind": "stair",
        "space_type": "stair",
        "name": "楼梯",
        "facility_label": "楼梯"
      },
      "geometry": {
        "type": "Polygon",
        "coordinates": [
          [
            [
              108.89856291101901,
              34.370261762785255
            ],
            [
              108.89852941048804,
              34.37033827114048
            ],
            [
              108.89847827607004,
              34.37032280071605
            ],
            [
              108.89851177660101,
              34.37024629236082
            ],
            [
              108.89856291101901,
              34.370261762785255
            ]
          ]
        ]
      }
    },
    {
      "type": "Feature",
      "id": "wm2-f2-stair-detail-04",
      "properties": {
        "campus_id": "weishui",
        "building_id": "WM2",
        "building_key": "wm2",
        "building_place_id": "weishui.osm.way.440689410",
        "floor": 2,
        "level": 2,
        "georef_status": "verified",
        "georef_transform_id": "wm2-visual-redraw-20260927",
        "source_floorplan": "source/mingyuan_b_floors_1-3_reference.jpg",
        "render_class": "facility_detail",
        "kind": "stair_steps",
        "space_type": "stair"
      },
      "geometry": {
        "type": "MultiLineString",
        "coordinates": [
          [
            [
              108.89851196271955,
              34.370257769891296
            ],
            [
              108.89855389294232,
              34.370270455639336
            ]
          ],
          [
            [
              108.89850922176701,
              34.37026402966582
            ],
            [
              108.89855115198978,
              34.37027671541385
            ]
          ],
          [
            [
              108.89850648081449,
              34.370270289440334
            ],
            [
              108.89854841103724,
              34.370282975188374
            ]
          ],
          [
            [
              108.89850373986195,
              34.37027654921486
            ],
            [
              108.89854567008472,
              34.37028923496289
            ]
          ],
          [
            [
              108.89850099890941,
              34.37028280898937
            ],
            [
              108.89854292913218,
              34.370295494737405
            ]
          ],
          [
            [
              108.89849825795689,
              34.370289068763896
            ],
            [
              108.89854018817964,
              34.37030175451193
            ]
          ],
          [
            [
              108.89849551700435,
              34.37029532853841
            ],
            [
              108.89853744722711,
              34.370308014286444
            ]
          ],
          [
            [
              108.89849277605181,
              34.370301588312934
            ],
            [
              108.89853470627457,
              34.370314274060966
            ]
          ],
          [
            [
              108.89849003509927,
              34.37030784808745
            ],
            [
              108.89853196532204,
              34.37032053383548
            ]
          ],
          [
            [
              108.89848729414675,
              34.370314107861965
            ],
            [
              108.8985292243695,
              34.370326793610005
            ]
          ]
        ]
      }
    },
    {
      "type": "Feature",
      "id": "wm2-f3-floor-shell",
      "properties": {
        "campus_id": "weishui",
        "building_id": "WM2",
        "building_key": "wm2",
        "building_place_id": "weishui.osm.way.440689410",
        "floor": 3,
        "level": 3,
        "georef_status": "verified",
        "georef_transform_id": "wm2-visual-redraw-20260927",
        "source_floorplan": "source/mingyuan_b_floors_1-3_reference.jpg",
        "render_class": "floor_shell"
      },
      "geometry": {
        "type": "Polygon",
        "coordinates": [
          [
            [
              108.8985507,
              34.369973
            ],
            [
              108.8984717,
              34.3701659
            ],
            [
              108.89854,
              34.3701849
            ],
            [
              108.898528,
              34.3702142
            ],
            [
              108.8985182,
              34.3702382
            ],
            [
              108.8986022,
              34.3702616
            ],
            [
              108.89858,
              34.3703159
            ],
            [
              108.8985578,
              34.3703702
            ],
            [
              108.8974287,
              34.3700555
            ],
            [
              108.8974946,
              34.3698985
            ],
            [
              108.8975605,
              34.3697415
            ],
            [
              108.8977312,
              34.3697892
            ],
            [
              108.8976927,
              34.3698829
            ],
            [
              108.8977617,
              34.3699022
            ],
            [
              108.8978183,
              34.3699181
            ],
            [
              108.8978489,
              34.3698434
            ],
            [
              108.8983097,
              34.3699722
            ],
            [
              108.8982775,
              34.3700506
            ],
            [
              108.8983173,
              34.3700618
            ],
            [
              108.8983739,
              34.3699237
            ],
            [
              108.8985507,
              34.369973
            ]
          ]
        ]
      }
    },
    {
      "type": "Feature",
      "id": "wm2-f3-corridor",
      "properties": {
        "campus_id": "weishui",
        "building_id": "WM2",
        "building_key": "wm2",
        "building_place_id": "weishui.osm.way.440689410",
        "floor": 3,
        "level": 3,
        "georef_status": "verified",
        "georef_transform_id": "wm2-visual-redraw-20260927",
        "source_floorplan": "source/mingyuan_b_floors_1-3_reference.jpg",
        "render_class": "corridor",
        "name": "走廊"
      },
      "geometry": {
        "type": "Polygon",
        "coordinates": [
          [
            [
              108.8983739,
              34.3699237
            ],
            [
              108.8983173,
              34.3700618
            ],
            [
              108.8982775,
              34.3700506
            ],
            [
              108.8983097,
              34.3699722
            ],
            [
              108.8978489,
              34.3698434
            ],
            [
              108.8978183,
              34.3699181
            ],
            [
              108.8977617,
              34.3699022
            ],
            [
              108.8976927,
              34.3698829
            ],
            [
              108.8977312,
              34.3697892
            ],
            [
              108.8975605,
              34.3697415
            ],
            [
              108.8974946,
              34.3698985
            ],
            [
              108.8974287,
              34.3700555
            ],
            [
              108.8985578,
              34.3703702
            ],
            [
              108.89858,
              34.3703159
            ],
            [
              108.8986022,
              34.3702616
            ],
            [
              108.8985182,
              34.3702382
            ],
            [
              108.898528,
              34.3702142
            ],
            [
              108.89854,
              34.3701849
            ],
            [
              108.8984717,
              34.3701659
            ],
            [
              108.8985507,
              34.369973
            ],
            [
              108.8983739,
              34.3699237
            ]
          ],
          [
            [
              108.89832169563287,
              34.37005881883315
            ],
            [
              108.89837008528873,
              34.369948306764485
            ],
            [
              108.89853371542634,
              34.36999781212266
            ],
            [
              108.89848532577048,
              34.37010832419133
            ],
            [
              108.89832169563287,
              34.37005881883315
            ]
          ],
          [
            [
              108.89782847409943,
              34.36992885165777
            ],
            [
              108.8978582523492,
              34.3698608442309
            ],
            [
              108.8980525631376,
              34.369919631843736
            ],
            [
              108.89802278488784,
              34.36998763927061
            ],
            [
              108.89782847409943,
              34.36992885165777
            ]
          ],
          [
            [
              108.89763437013178,
              34.36994232974106
            ],
            [
              108.89766042610032,
              34.36988282324255
            ],
            [
              108.89771667396012,
              34.36989984070942
            ],
            [
              108.89769061799159,
              34.36995934720793
            ],
            [
              108.89763437013178,
              34.36994232974106
            ]
          ],
          [
            [
              108.89799231105779,
              34.37005062271208
            ],
            [
              108.89793606319799,
              34.370033605245204
            ],
            [
              108.89796211916652,
              34.369974098746695
            ],
            [
              108.89801836702632,
              34.36999111621357
            ],
            [
              108.89799231105779,
              34.37005062271208
            ]
          ],
          [
            [
              108.89836559230919,
              34.370163556810425
            ],
            [
              108.89830934444939,
              34.37014653934355
            ],
            [
              108.89833540041793,
              34.37008703284504
            ],
            [
              108.89839164827774,
              34.370104050311916
            ],
            [
              108.89836559230919,
              34.370163556810425
            ]
          ],
          [
            [
              108.89847827607004,
              34.37032280071605
            ],
            [
              108.89851177660101,
              34.37024629236082
            ],
            [
              108.89856291101901,
              34.370261762785255
            ],
            [
              108.89852941048804,
              34.37033827114048
            ],
            [
              108.89847827607004,
              34.37032280071605
            ]
          ],
          [
            [
              108.89749370353351,
              34.37003214426324
            ],
            [
              108.89752534292387,
              34.369959886372186
            ],
            [
              108.89769919994508,
              34.37001248581526
            ],
            [
              108.89766756055471,
              34.37008474370631
            ],
            [
              108.89749370353351,
              34.37003214426324
            ]
          ],
          [
            [
              108.8977544890653,
              34.37011104342784
            ],
            [
              108.89778612845568,
              34.37003878553679
            ],
            [
              108.89797021236049,
              34.37009447906474
            ],
            [
              108.89793857297012,
              34.37016673695579
            ],
            [
              108.8977544890653,
              34.37011104342784
            ]
          ],
          [
            [
              108.89819424506013,
              34.37024408907795
            ],
            [
              108.89801016115531,
              34.370188395549995
            ],
            [
              108.89804180054568,
              34.37011613765895
            ],
            [
              108.89822588445048,
              34.370171831186894
            ],
            [
              108.89819424506013,
              34.37024408907795
            ]
          ],
          [
            [
              108.89846014403372,
              34.37032453528499
            ],
            [
              108.89827606012892,
              34.37026884175704
            ],
            [
              108.8983076995193,
              34.37019658386599
            ],
            [
              108.89849178342409,
              34.37025227739394
            ],
            [
              108.89846014403372,
              34.37032453528499
            ]
          ]
        ]
      }
    },
    {
      "type": "Feature",
      "id": "wm2-f3-room-01",
      "properties": {
        "campus_id": "weishui",
        "building_id": "WM2",
        "building_key": "wm2",
        "building_place_id": "weishui.osm.way.440689410",
        "floor": 3,
        "level": 3,
        "georef_status": "verified",
        "georef_transform_id": "wm2-visual-redraw-20260927",
        "source_floorplan": "source/mingyuan_b_floors_1-3_reference.jpg",
        "render_class": "room",
        "kind": "classroom",
        "room_code": "WM2308",
        "name": "WM2308",
        "indoor_space_id": "weishui.wm2.wm2308",
        "verified": true
      },
      "geometry": {
        "type": "Polygon",
        "coordinates": [
          [
            [
              108.89769919994508,
              34.37001248581526
            ],
            [
              108.89766756055471,
              34.37008474370631
            ],
            [
              108.89749370353351,
              34.37003214426324
            ],
            [
              108.89752534292387,
              34.369959886372186
            ],
            [
              108.89769919994508,
              34.37001248581526
            ]
          ]
        ]
      }
    },
    {
      "type": "Feature",
      "id": "wm2-f3-wall-01",
      "properties": {
        "campus_id": "weishui",
        "building_id": "WM2",
        "building_key": "wm2",
        "building_place_id": "weishui.osm.way.440689410",
        "floor": 3,
        "level": 3,
        "georef_status": "verified",
        "georef_transform_id": "wm2-visual-redraw-20260927",
        "source_floorplan": "source/mingyuan_b_floors_1-3_reference.jpg",
        "render_class": "wall",
        "kind": "room_boundary"
      },
      "geometry": {
        "type": "LineString",
        "coordinates": [
          [
            108.89769919994508,
            34.37001248581526
          ],
          [
            108.89766756055471,
            34.37008474370631
          ],
          [
            108.89749370353351,
            34.37003214426324
          ],
          [
            108.89752534292387,
            34.369959886372186
          ],
          [
            108.89769919994508,
            34.37001248581526
          ]
        ]
      }
    },
    {
      "type": "Feature",
      "id": "wm2-f3-room-02",
      "properties": {
        "campus_id": "weishui",
        "building_id": "WM2",
        "building_key": "wm2",
        "building_place_id": "weishui.osm.way.440689410",
        "floor": 3,
        "level": 3,
        "georef_status": "verified",
        "georef_transform_id": "wm2-visual-redraw-20260927",
        "source_floorplan": "source/mingyuan_b_floors_1-3_reference.jpg",
        "render_class": "room",
        "kind": "classroom",
        "room_code": "WM2306",
        "name": "WM2306",
        "indoor_space_id": "weishui.wm2.wm2306",
        "verified": true
      },
      "geometry": {
        "type": "Polygon",
        "coordinates": [
          [
            [
              108.89797021236049,
              34.37009447906474
            ],
            [
              108.89793857297012,
              34.37016673695579
            ],
            [
              108.8977544890653,
              34.37011104342784
            ],
            [
              108.89778612845568,
              34.37003878553679
            ],
            [
              108.89797021236049,
              34.37009447906474
            ]
          ]
        ]
      }
    },
    {
      "type": "Feature",
      "id": "wm2-f3-wall-02",
      "properties": {
        "campus_id": "weishui",
        "building_id": "WM2",
        "building_key": "wm2",
        "building_place_id": "weishui.osm.way.440689410",
        "floor": 3,
        "level": 3,
        "georef_status": "verified",
        "georef_transform_id": "wm2-visual-redraw-20260927",
        "source_floorplan": "source/mingyuan_b_floors_1-3_reference.jpg",
        "render_class": "wall",
        "kind": "room_boundary"
      },
      "geometry": {
        "type": "LineString",
        "coordinates": [
          [
            108.89797021236049,
            34.37009447906474
          ],
          [
            108.89793857297012,
            34.37016673695579
          ],
          [
            108.8977544890653,
            34.37011104342784
          ],
          [
            108.89778612845568,
            34.37003878553679
          ],
          [
            108.89797021236049,
            34.37009447906474
          ]
        ]
      }
    },
    {
      "type": "Feature",
      "id": "wm2-f3-room-03",
      "properties": {
        "campus_id": "weishui",
        "building_id": "WM2",
        "building_key": "wm2",
        "building_place_id": "weishui.osm.way.440689410",
        "floor": 3,
        "level": 3,
        "georef_status": "verified",
        "georef_transform_id": "wm2-visual-redraw-20260927",
        "source_floorplan": "source/mingyuan_b_floors_1-3_reference.jpg",
        "render_class": "room",
        "kind": "classroom",
        "room_code": "WM2304",
        "name": "WM2304",
        "indoor_space_id": "weishui.wm2.wm2304",
        "verified": true
      },
      "geometry": {
        "type": "Polygon",
        "coordinates": [
          [
            [
              108.89822588445048,
              34.370171831186894
            ],
            [
              108.89819424506013,
              34.37024408907795
            ],
            [
              108.89801016115531,
              34.370188395549995
            ],
            [
              108.89804180054568,
              34.37011613765895
            ],
            [
              108.89822588445048,
              34.370171831186894
            ]
          ]
        ]
      }
    },
    {
      "type": "Feature",
      "id": "wm2-f3-wall-03",
      "properties": {
        "campus_id": "weishui",
        "building_id": "WM2",
        "building_key": "wm2",
        "building_place_id": "weishui.osm.way.440689410",
        "floor": 3,
        "level": 3,
        "georef_status": "verified",
        "georef_transform_id": "wm2-visual-redraw-20260927",
        "source_floorplan": "source/mingyuan_b_floors_1-3_reference.jpg",
        "render_class": "wall",
        "kind": "room_boundary"
      },
      "geometry": {
        "type": "LineString",
        "coordinates": [
          [
            108.89822588445048,
            34.370171831186894
          ],
          [
            108.89819424506013,
            34.37024408907795
          ],
          [
            108.89801016115531,
            34.370188395549995
          ],
          [
            108.89804180054568,
            34.37011613765895
          ],
          [
            108.89822588445048,
            34.370171831186894
          ]
        ]
      }
    },
    {
      "type": "Feature",
      "id": "wm2-f3-room-04",
      "properties": {
        "campus_id": "weishui",
        "building_id": "WM2",
        "building_key": "wm2",
        "building_place_id": "weishui.osm.way.440689410",
        "floor": 3,
        "level": 3,
        "georef_status": "verified",
        "georef_transform_id": "wm2-visual-redraw-20260927",
        "source_floorplan": "source/mingyuan_b_floors_1-3_reference.jpg",
        "render_class": "room",
        "kind": "classroom",
        "room_code": "WM2302",
        "name": "WM2302",
        "indoor_space_id": "weishui.wm2.wm2302",
        "verified": true
      },
      "geometry": {
        "type": "Polygon",
        "coordinates": [
          [
            [
              108.89849178342409,
              34.37025227739394
            ],
            [
              108.89846014403372,
              34.37032453528499
            ],
            [
              108.89827606012892,
              34.37026884175704
            ],
            [
              108.8983076995193,
              34.37019658386599
            ],
            [
              108.89849178342409,
              34.37025227739394
            ]
          ]
        ]
      }
    },
    {
      "type": "Feature",
      "id": "wm2-f3-wall-04",
      "properties": {
        "campus_id": "weishui",
        "building_id": "WM2",
        "building_key": "wm2",
        "building_place_id": "weishui.osm.way.440689410",
        "floor": 3,
        "level": 3,
        "georef_status": "verified",
        "georef_transform_id": "wm2-visual-redraw-20260927",
        "source_floorplan": "source/mingyuan_b_floors_1-3_reference.jpg",
        "render_class": "wall",
        "kind": "room_boundary"
      },
      "geometry": {
        "type": "LineString",
        "coordinates": [
          [
            108.89849178342409,
            34.37025227739394
          ],
          [
            108.89846014403372,
            34.37032453528499
          ],
          [
            108.89827606012892,
            34.37026884175704
          ],
          [
            108.8983076995193,
            34.37019658386599
          ],
          [
            108.89849178342409,
            34.37025227739394
          ]
        ]
      }
    },
    {
      "type": "Feature",
      "id": "wm2-f3-room-05",
      "properties": {
        "campus_id": "weishui",
        "building_id": "WM2",
        "building_key": "wm2",
        "building_place_id": "weishui.osm.way.440689410",
        "floor": 3,
        "level": 3,
        "georef_status": "verified",
        "georef_transform_id": "wm2-visual-redraw-20260927",
        "source_floorplan": "source/mingyuan_b_floors_1-3_reference.jpg",
        "render_class": "room",
        "kind": "classroom",
        "room_code": "WM2303",
        "name": "WM2303",
        "indoor_space_id": "weishui.wm2.wm2303",
        "verified": true
      },
      "geometry": {
        "type": "Polygon",
        "coordinates": [
          [
            [
              108.8980525631376,
              34.369919631843736
            ],
            [
              108.89802278488784,
              34.36998763927061
            ],
            [
              108.89782847409943,
              34.36992885165777
            ],
            [
              108.8978582523492,
              34.3698608442309
            ],
            [
              108.8980525631376,
              34.369919631843736
            ]
          ]
        ]
      }
    },
    {
      "type": "Feature",
      "id": "wm2-f3-wall-05",
      "properties": {
        "campus_id": "weishui",
        "building_id": "WM2",
        "building_key": "wm2",
        "building_place_id": "weishui.osm.way.440689410",
        "floor": 3,
        "level": 3,
        "georef_status": "verified",
        "georef_transform_id": "wm2-visual-redraw-20260927",
        "source_floorplan": "source/mingyuan_b_floors_1-3_reference.jpg",
        "render_class": "wall",
        "kind": "room_boundary"
      },
      "geometry": {
        "type": "LineString",
        "coordinates": [
          [
            108.8980525631376,
            34.369919631843736
          ],
          [
            108.89802278488784,
            34.36998763927061
          ],
          [
            108.89782847409943,
            34.36992885165777
          ],
          [
            108.8978582523492,
            34.3698608442309
          ],
          [
            108.8980525631376,
            34.369919631843736
          ]
        ]
      }
    },
    {
      "type": "Feature",
      "id": "wm2-f3-room-06",
      "properties": {
        "campus_id": "weishui",
        "building_id": "WM2",
        "building_key": "wm2",
        "building_place_id": "weishui.osm.way.440689410",
        "floor": 3,
        "level": 3,
        "georef_status": "verified",
        "georef_transform_id": "wm2-visual-redraw-20260927",
        "source_floorplan": "source/mingyuan_b_floors_1-3_reference.jpg",
        "render_class": "room",
        "kind": "classroom",
        "room_code": "WM2301",
        "name": "WM2301",
        "indoor_space_id": "weishui.wm2.wm2301",
        "verified": true
      },
      "geometry": {
        "type": "Polygon",
        "coordinates": [
          [
            [
              108.89853371542634,
              34.36999781212266
            ],
            [
              108.89848532577048,
              34.37010832419133
            ],
            [
              108.89832169563287,
              34.37005881883315
            ],
            [
              108.89837008528873,
              34.369948306764485
            ],
            [
              108.89853371542634,
              34.36999781212266
            ]
          ]
        ]
      }
    },
    {
      "type": "Feature",
      "id": "wm2-f3-wall-06",
      "properties": {
        "campus_id": "weishui",
        "building_id": "WM2",
        "building_key": "wm2",
        "building_place_id": "weishui.osm.way.440689410",
        "floor": 3,
        "level": 3,
        "georef_status": "verified",
        "georef_transform_id": "wm2-visual-redraw-20260927",
        "source_floorplan": "source/mingyuan_b_floors_1-3_reference.jpg",
        "render_class": "wall",
        "kind": "room_boundary"
      },
      "geometry": {
        "type": "LineString",
        "coordinates": [
          [
            108.89853371542634,
            34.36999781212266
          ],
          [
            108.89848532577048,
            34.37010832419133
          ],
          [
            108.89832169563287,
            34.37005881883315
          ],
          [
            108.89837008528873,
            34.369948306764485
          ],
          [
            108.89853371542634,
            34.36999781212266
          ]
        ]
      }
    },
    {
      "type": "Feature",
      "id": "wm2-f3-facility-01",
      "properties": {
        "campus_id": "weishui",
        "building_id": "WM2",
        "building_key": "wm2",
        "building_place_id": "weishui.osm.way.440689410",
        "floor": 3,
        "level": 3,
        "georef_status": "verified",
        "georef_transform_id": "wm2-visual-redraw-20260927",
        "source_floorplan": "source/mingyuan_b_floors_1-3_reference.jpg",
        "render_class": "facility",
        "kind": "stair",
        "space_type": "stair",
        "name": "楼梯",
        "facility_label": "楼梯"
      },
      "geometry": {
        "type": "Polygon",
        "coordinates": [
          [
            [
              108.89771667396012,
              34.36989984070942
            ],
            [
              108.89769061799159,
              34.36995934720793
            ],
            [
              108.89763437013178,
              34.36994232974106
            ],
            [
              108.89766042610032,
              34.36988282324255
            ],
            [
              108.89771667396012,
              34.36989984070942
            ]
          ]
        ]
      }
    },
    {
      "type": "Feature",
      "id": "wm2-f3-stair-detail-01",
      "properties": {
        "campus_id": "weishui",
        "building_id": "WM2",
        "building_key": "wm2",
        "building_place_id": "weishui.osm.way.440689410",
        "floor": 3,
        "level": 3,
        "georef_status": "verified",
        "georef_transform_id": "wm2-visual-redraw-20260927",
        "source_floorplan": "source/mingyuan_b_floors_1-3_reference.jpg",
        "render_class": "facility_detail",
        "kind": "stair_steps",
        "space_type": "stair"
      },
      "geometry": {
        "type": "MultiLineString",
        "coordinates": [
          [
            [
              108.89766051493196,
              34.36989452295638
            ],
            [
              108.89770755859652,
              34.369908755746856
            ]
          ],
          [
            [
              108.89765767669253,
              34.369901004914254
            ],
            [
              108.8977047203571,
              34.36991523770473
            ]
          ],
          [
            [
              108.89765483845311,
              34.36990748687213
            ],
            [
              108.89770188211766,
              34.36992171966261
            ]
          ],
          [
            [
              108.89765200021367,
              34.369913968830005
            ],
            [
              108.89769904387823,
              34.36992820162048
            ]
          ],
          [
            [
              108.89764916197424,
              34.36992045078787
            ],
            [
              108.89769620563881,
              34.36993468357835
            ]
          ],
          [
            [
              108.8976463237348,
              34.36992693274575
            ],
            [
              108.89769336739937,
              34.369941165536225
            ]
          ],
          [
            [
              108.89764348549538,
              34.369933414703624
            ],
            [
              108.89769052915995,
              34.3699476474941
            ]
          ]
        ]
      }
    },
    {
      "type": "Feature",
      "id": "wm2-f3-facility-02",
      "properties": {
        "campus_id": "weishui",
        "building_id": "WM2",
        "building_key": "wm2",
        "building_place_id": "weishui.osm.way.440689410",
        "floor": 3,
        "level": 3,
        "georef_status": "verified",
        "georef_transform_id": "wm2-visual-redraw-20260927",
        "source_floorplan": "source/mingyuan_b_floors_1-3_reference.jpg",
        "render_class": "facility",
        "kind": "stair",
        "space_type": "stair",
        "name": "楼梯",
        "facility_label": "楼梯"
      },
      "geometry": {
        "type": "Polygon",
        "coordinates": [
          [
            [
              108.89801836702632,
              34.36999111621357
            ],
            [
              108.89799231105779,
              34.37005062271208
            ],
            [
              108.89793606319799,
              34.370033605245204
            ],
            [
              108.89796211916652,
              34.369974098746695
            ],
            [
              108.89801836702632,
              34.36999111621357
            ]
          ]
        ]
      }
    },
    {
      "type": "Feature",
      "id": "wm2-f3-stair-detail-02",
      "properties": {
        "campus_id": "weishui",
        "building_id": "WM2",
        "building_key": "wm2",
        "building_place_id": "weishui.osm.way.440689410",
        "floor": 3,
        "level": 3,
        "georef_status": "verified",
        "georef_transform_id": "wm2-visual-redraw-20260927",
        "source_floorplan": "source/mingyuan_b_floors_1-3_reference.jpg",
        "render_class": "facility_detail",
        "kind": "stair_steps",
        "space_type": "stair"
      },
      "geometry": {
        "type": "MultiLineString",
        "coordinates": [
          [
            [
              108.89796220799816,
              34.369985798460526
            ],
            [
              108.89800925166273,
              34.370000031251
            ]
          ],
          [
            [
              108.89795936975874,
              34.3699922804184
            ],
            [
              108.8980064134233,
              34.37000651320888
            ]
          ],
          [
            [
              108.89795653151931,
              34.36999876237628
            ],
            [
              108.89800357518386,
              34.37001299516675
            ]
          ],
          [
            [
              108.89795369327987,
              34.370005244334145
            ],
            [
              108.89800073694444,
              34.37001947712462
            ]
          ],
          [
            [
              108.89795085504045,
              34.37001172629202
            ],
            [
              108.897997898705,
              34.3700259590825
            ]
          ],
          [
            [
              108.89794801680101,
              34.370018208249896
            ],
            [
              108.89799506046558,
              34.37003244104037
            ]
          ],
          [
            [
              108.89794517856159,
              34.37002469020777
            ],
            [
              108.89799222222615,
              34.37003892299825
            ]
          ]
        ]
      }
    },
    {
      "type": "Feature",
      "id": "wm2-f3-facility-03",
      "properties": {
        "campus_id": "weishui",
        "building_id": "WM2",
        "building_key": "wm2",
        "building_place_id": "weishui.osm.way.440689410",
        "floor": 3,
        "level": 3,
        "georef_status": "verified",
        "georef_transform_id": "wm2-visual-redraw-20260927",
        "source_floorplan": "source/mingyuan_b_floors_1-3_reference.jpg",
        "render_class": "facility",
        "kind": "stair",
        "space_type": "stair",
        "name": "楼梯",
        "facility_label": "楼梯"
      },
      "geometry": {
        "type": "Polygon",
        "coordinates": [
          [
            [
              108.89839164827774,
              34.370104050311916
            ],
            [
              108.89836559230919,
              34.370163556810425
            ],
            [
              108.89830934444939,
              34.37014653934355
            ],
            [
              108.89833540041793,
              34.37008703284504
            ],
            [
              108.89839164827774,
              34.370104050311916
            ]
          ]
        ]
      }
    },
    {
      "type": "Feature",
      "id": "wm2-f3-stair-detail-03",
      "properties": {
        "campus_id": "weishui",
        "building_id": "WM2",
        "building_key": "wm2",
        "building_place_id": "weishui.osm.way.440689410",
        "floor": 3,
        "level": 3,
        "georef_status": "verified",
        "georef_transform_id": "wm2-visual-redraw-20260927",
        "source_floorplan": "source/mingyuan_b_floors_1-3_reference.jpg",
        "render_class": "facility_detail",
        "kind": "stair_steps",
        "space_type": "stair"
      },
      "geometry": {
        "type": "MultiLineString",
        "coordinates": [
          [
            [
              108.89833548924958,
              34.37009873255887
            ],
            [
              108.89838253291413,
              34.37011296534935
            ]
          ],
          [
            [
              108.89833265101014,
              34.37010521451675
            ],
            [
              108.8983796946747,
              34.370119447307225
            ]
          ],
          [
            [
              108.89832981277071,
              34.37011169647462
            ],
            [
              108.89837685643528,
              34.3701259292651
            ]
          ],
          [
            [
              108.89832697453129,
              34.3701181784325
            ],
            [
              108.89837401819584,
              34.370132411222976
            ]
          ],
          [
            [
              108.89832413629185,
              34.37012466039037
            ],
            [
              108.89837117995641,
              34.370138893180844
            ]
          ],
          [
            [
              108.89832129805242,
              34.37013114234824
            ],
            [
              108.89836834171699,
              34.37014537513872
            ]
          ],
          [
            [
              108.898318459813,
              34.37013762430612
            ],
            [
              108.89836550347755,
              34.370151857096594
            ]
          ]
        ]
      }
    },
    {
      "type": "Feature",
      "id": "wm2-f3-facility-04",
      "properties": {
        "campus_id": "weishui",
        "building_id": "WM2",
        "building_key": "wm2",
        "building_place_id": "weishui.osm.way.440689410",
        "floor": 3,
        "level": 3,
        "georef_status": "verified",
        "georef_transform_id": "wm2-visual-redraw-20260927",
        "source_floorplan": "source/mingyuan_b_floors_1-3_reference.jpg",
        "render_class": "facility",
        "kind": "stair",
        "space_type": "stair",
        "name": "楼梯",
        "facility_label": "楼梯"
      },
      "geometry": {
        "type": "Polygon",
        "coordinates": [
          [
            [
              108.89856291101901,
              34.370261762785255
            ],
            [
              108.89852941048804,
              34.37033827114048
            ],
            [
              108.89847827607004,
              34.37032280071605
            ],
            [
              108.89851177660101,
              34.37024629236082
            ],
            [
              108.89856291101901,
              34.370261762785255
            ]
          ]
        ]
      }
    },
    {
      "type": "Feature",
      "id": "wm2-f3-stair-detail-04",
      "properties": {
        "campus_id": "weishui",
        "building_id": "WM2",
        "building_key": "wm2",
        "building_place_id": "weishui.osm.way.440689410",
        "floor": 3,
        "level": 3,
        "georef_status": "verified",
        "georef_transform_id": "wm2-visual-redraw-20260927",
        "source_floorplan": "source/mingyuan_b_floors_1-3_reference.jpg",
        "render_class": "facility_detail",
        "kind": "stair_steps",
        "space_type": "stair"
      },
      "geometry": {
        "type": "MultiLineString",
        "coordinates": [
          [
            [
              108.89851196271955,
              34.370257769891296
            ],
            [
              108.89855389294232,
              34.370270455639336
            ]
          ],
          [
            [
              108.89850922176701,
              34.37026402966582
            ],
            [
              108.89855115198978,
              34.37027671541385
            ]
          ],
          [
            [
              108.89850648081449,
              34.370270289440334
            ],
            [
              108.89854841103724,
              34.370282975188374
            ]
          ],
          [
            [
              108.89850373986195,
              34.37027654921486
            ],
            [
              108.89854567008472,
              34.37028923496289
            ]
          ],
          [
            [
              108.89850099890941,
              34.37028280898937
            ],
            [
              108.89854292913218,
              34.370295494737405
            ]
          ],
          [
            [
              108.89849825795689,
              34.370289068763896
            ],
            [
              108.89854018817964,
              34.37030175451193
            ]
          ],
          [
            [
              108.89849551700435,
              34.37029532853841
            ],
            [
              108.89853744722711,
              34.370308014286444
            ]
          ],
          [
            [
              108.89849277605181,
              34.370301588312934
            ],
            [
              108.89853470627457,
              34.370314274060966
            ]
          ],
          [
            [
              108.89849003509927,
              34.37030784808745
            ],
            [
              108.89853196532204,
              34.37032053383548
            ]
          ],
          [
            [
              108.89848729414675,
              34.370314107861965
            ],
            [
              108.8985292243695,
              34.370326793610005
            ]
          ]
        ]
      }
    },
    {
      "type": "Feature",
      "id": "wm2-f4-floor-shell",
      "properties": {
        "campus_id": "weishui",
        "building_id": "WM2",
        "building_key": "wm2",
        "building_place_id": "weishui.osm.way.440689410",
        "floor": 4,
        "level": 4,
        "georef_status": "verified",
        "georef_transform_id": "wm2-visual-redraw-20260927",
        "source_floorplan": "source/mingyuan_b_floors_4-5_reference.jpg",
        "render_class": "floor_shell"
      },
      "geometry": {
        "type": "Polygon",
        "coordinates": [
          [
            [
              108.8985507,
              34.369973
            ],
            [
              108.8984717,
              34.3701659
            ],
            [
              108.89854,
              34.3701849
            ],
            [
              108.898528,
              34.3702142
            ],
            [
              108.8985182,
              34.3702382
            ],
            [
              108.8986022,
              34.3702616
            ],
            [
              108.89858,
              34.3703159
            ],
            [
              108.8985578,
              34.3703702
            ],
            [
              108.8974287,
              34.3700555
            ],
            [
              108.8974946,
              34.3698985
            ],
            [
              108.8975605,
              34.3697415
            ],
            [
              108.8977312,
              34.3697892
            ],
            [
              108.8976927,
              34.3698829
            ],
            [
              108.8977617,
              34.3699022
            ],
            [
              108.8978183,
              34.3699181
            ],
            [
              108.8978489,
              34.3698434
            ],
            [
              108.8983097,
              34.3699722
            ],
            [
              108.8982775,
              34.3700506
            ],
            [
              108.8983173,
              34.3700618
            ],
            [
              108.8983739,
              34.3699237
            ],
            [
              108.8985507,
              34.369973
            ]
          ]
        ]
      }
    },
    {
      "type": "Feature",
      "id": "wm2-f4-corridor",
      "properties": {
        "campus_id": "weishui",
        "building_id": "WM2",
        "building_key": "wm2",
        "building_place_id": "weishui.osm.way.440689410",
        "floor": 4,
        "level": 4,
        "georef_status": "verified",
        "georef_transform_id": "wm2-visual-redraw-20260927",
        "source_floorplan": "source/mingyuan_b_floors_4-5_reference.jpg",
        "render_class": "corridor",
        "name": "走廊"
      },
      "geometry": {
        "type": "Polygon",
        "coordinates": [
          [
            [
              108.8983739,
              34.3699237
            ],
            [
              108.8983173,
              34.3700618
            ],
            [
              108.8982775,
              34.3700506
            ],
            [
              108.8983097,
              34.3699722
            ],
            [
              108.8978489,
              34.3698434
            ],
            [
              108.8978183,
              34.3699181
            ],
            [
              108.8977617,
              34.3699022
            ],
            [
              108.8976927,
              34.3698829
            ],
            [
              108.8977312,
              34.3697892
            ],
            [
              108.8975605,
              34.3697415
            ],
            [
              108.8974946,
              34.3698985
            ],
            [
              108.8974287,
              34.3700555
            ],
            [
              108.8985578,
              34.3703702
            ],
            [
              108.89858,
              34.3703159
            ],
            [
              108.8986022,
              34.3702616
            ],
            [
              108.8985182,
              34.3702382
            ],
            [
              108.898528,
              34.3702142
            ],
            [
              108.89854,
              34.3701849
            ],
            [
              108.8984717,
              34.3701659
            ],
            [
              108.8985507,
              34.369973
            ],
            [
              108.8983739,
              34.3699237
            ]
          ],
          [
            [
              108.89809484305307,
              34.36999499942983
            ],
            [
              108.89812462130283,
              34.36992699200296
            ],
            [
              108.89828825144043,
              34.369976497361144
            ],
            [
              108.89825847319067,
              34.37004450478801
            ],
            [
              108.89809484305307,
              34.36999499942983
            ]
          ],
          [
            [
              108.89782847409943,
              34.36992885165777
            ],
            [
              108.8978582523492,
              34.3698608442309
            ],
            [
              108.8980525631376,
              34.369919631843736
            ],
            [
              108.89802278488784,
              34.36998763927061
            ],
            [
              108.89782847409943,
              34.36992885165777
            ]
          ],
          [
            [
              108.89763437013178,
              34.36994232974106
            ],
            [
              108.89766042610032,
              34.36988282324255
            ],
            [
              108.89771667396012,
              34.36989984070942
            ],
            [
              108.89769061799159,
              34.36995934720793
            ],
            [
              108.89763437013178,
              34.36994232974106
            ]
          ],
          [
            [
              108.89799231105779,
              34.37005062271208
            ],
            [
              108.89793606319799,
              34.370033605245204
            ],
            [
              108.89796211916652,
              34.369974098746695
            ],
            [
              108.89801836702632,
              34.36999111621357
            ],
            [
              108.89799231105779,
              34.37005062271208
            ]
          ],
          [
            [
              108.89836559230919,
              34.370163556810425
            ],
            [
              108.89830934444939,
              34.37014653934355
            ],
            [
              108.89833540041793,
              34.37008703284504
            ],
            [
              108.89839164827774,
              34.370104050311916
            ],
            [
              108.89836559230919,
              34.370163556810425
            ]
          ],
          [
            [
              108.89847827607004,
              34.37032280071605
            ],
            [
              108.89851177660101,
              34.37024629236082
            ],
            [
              108.89856291101901,
              34.370261762785255
            ],
            [
              108.89852941048804,
              34.37033827114048
            ],
            [
              108.89847827607004,
              34.37032280071605
            ]
          ],
          [
            [
              108.89749370353351,
              34.37003214426324
            ],
            [
              108.89752534292387,
              34.369959886372186
            ],
            [
              108.89769919994508,
              34.37001248581526
            ],
            [
              108.89766756055471,
              34.37008474370631
            ],
            [
              108.89749370353351,
              34.37003214426324
            ]
          ],
          [
            [
              108.8977544890653,
              34.37011104342784
            ],
            [
              108.89778612845568,
              34.37003878553679
            ],
            [
              108.89797021236049,
              34.37009447906474
            ],
            [
              108.89793857297012,
              34.37016673695579
            ],
            [
              108.8977544890653,
              34.37011104342784
            ]
          ],
          [
            [
              108.89819424506013,
              34.37024408907795
            ],
            [
              108.89801016115531,
              34.370188395549995
            ],
            [
              108.89804180054568,
              34.37011613765895
            ],
            [
              108.89822588445048,
              34.370171831186894
            ],
            [
              108.89819424506013,
              34.37024408907795
            ]
          ],
          [
            [
              108.89846014403372,
              34.37032453528499
            ],
            [
              108.89827606012892,
              34.37026884175704
            ],
            [
              108.8983076995193,
              34.37019658386599
            ],
            [
              108.89849178342409,
              34.37025227739394
            ],
            [
              108.89846014403372,
              34.37032453528499
            ]
          ]
        ]
      }
    },
    {
      "type": "Feature",
      "id": "wm2-f4-room-01",
      "properties": {
        "campus_id": "weishui",
        "building_id": "WM2",
        "building_key": "wm2",
        "building_place_id": "weishui.osm.way.440689410",
        "floor": 4,
        "level": 4,
        "georef_status": "verified",
        "georef_transform_id": "wm2-visual-redraw-20260927",
        "source_floorplan": "source/mingyuan_b_floors_4-5_reference.jpg",
        "render_class": "room",
        "kind": "classroom",
        "room_code": "WM2408",
        "name": "WM2408",
        "indoor_space_id": "weishui.wm2.wm2408",
        "verified": true
      },
      "geometry": {
        "type": "Polygon",
        "coordinates": [
          [
            [
              108.89769919994508,
              34.37001248581526
            ],
            [
              108.89766756055471,
              34.37008474370631
            ],
            [
              108.89749370353351,
              34.37003214426324
            ],
            [
              108.89752534292387,
              34.369959886372186
            ],
            [
              108.89769919994508,
              34.37001248581526
            ]
          ]
        ]
      }
    },
    {
      "type": "Feature",
      "id": "wm2-f4-wall-01",
      "properties": {
        "campus_id": "weishui",
        "building_id": "WM2",
        "building_key": "wm2",
        "building_place_id": "weishui.osm.way.440689410",
        "floor": 4,
        "level": 4,
        "georef_status": "verified",
        "georef_transform_id": "wm2-visual-redraw-20260927",
        "source_floorplan": "source/mingyuan_b_floors_4-5_reference.jpg",
        "render_class": "wall",
        "kind": "room_boundary"
      },
      "geometry": {
        "type": "LineString",
        "coordinates": [
          [
            108.89769919994508,
            34.37001248581526
          ],
          [
            108.89766756055471,
            34.37008474370631
          ],
          [
            108.89749370353351,
            34.37003214426324
          ],
          [
            108.89752534292387,
            34.369959886372186
          ],
          [
            108.89769919994508,
            34.37001248581526
          ]
        ]
      }
    },
    {
      "type": "Feature",
      "id": "wm2-f4-room-02",
      "properties": {
        "campus_id": "weishui",
        "building_id": "WM2",
        "building_key": "wm2",
        "building_place_id": "weishui.osm.way.440689410",
        "floor": 4,
        "level": 4,
        "georef_status": "verified",
        "georef_transform_id": "wm2-visual-redraw-20260927",
        "source_floorplan": "source/mingyuan_b_floors_4-5_reference.jpg",
        "render_class": "room",
        "kind": "classroom",
        "room_code": "WM2406",
        "name": "WM2406",
        "indoor_space_id": "weishui.wm2.wm2406",
        "verified": true
      },
      "geometry": {
        "type": "Polygon",
        "coordinates": [
          [
            [
              108.89797021236049,
              34.37009447906474
            ],
            [
              108.89793857297012,
              34.37016673695579
            ],
            [
              108.8977544890653,
              34.37011104342784
            ],
            [
              108.89778612845568,
              34.37003878553679
            ],
            [
              108.89797021236049,
              34.37009447906474
            ]
          ]
        ]
      }
    },
    {
      "type": "Feature",
      "id": "wm2-f4-wall-02",
      "properties": {
        "campus_id": "weishui",
        "building_id": "WM2",
        "building_key": "wm2",
        "building_place_id": "weishui.osm.way.440689410",
        "floor": 4,
        "level": 4,
        "georef_status": "verified",
        "georef_transform_id": "wm2-visual-redraw-20260927",
        "source_floorplan": "source/mingyuan_b_floors_4-5_reference.jpg",
        "render_class": "wall",
        "kind": "room_boundary"
      },
      "geometry": {
        "type": "LineString",
        "coordinates": [
          [
            108.89797021236049,
            34.37009447906474
          ],
          [
            108.89793857297012,
            34.37016673695579
          ],
          [
            108.8977544890653,
            34.37011104342784
          ],
          [
            108.89778612845568,
            34.37003878553679
          ],
          [
            108.89797021236049,
            34.37009447906474
          ]
        ]
      }
    },
    {
      "type": "Feature",
      "id": "wm2-f4-room-03",
      "properties": {
        "campus_id": "weishui",
        "building_id": "WM2",
        "building_key": "wm2",
        "building_place_id": "weishui.osm.way.440689410",
        "floor": 4,
        "level": 4,
        "georef_status": "verified",
        "georef_transform_id": "wm2-visual-redraw-20260927",
        "source_floorplan": "source/mingyuan_b_floors_4-5_reference.jpg",
        "render_class": "room",
        "kind": "classroom",
        "room_code": "WM2404",
        "name": "WM2404",
        "indoor_space_id": "weishui.wm2.wm2404",
        "verified": true
      },
      "geometry": {
        "type": "Polygon",
        "coordinates": [
          [
            [
              108.89822588445048,
              34.370171831186894
            ],
            [
              108.89819424506013,
              34.37024408907795
            ],
            [
              108.89801016115531,
              34.370188395549995
            ],
            [
              108.89804180054568,
              34.37011613765895
            ],
            [
              108.89822588445048,
              34.370171831186894
            ]
          ]
        ]
      }
    },
    {
      "type": "Feature",
      "id": "wm2-f4-wall-03",
      "properties": {
        "campus_id": "weishui",
        "building_id": "WM2",
        "building_key": "wm2",
        "building_place_id": "weishui.osm.way.440689410",
        "floor": 4,
        "level": 4,
        "georef_status": "verified",
        "georef_transform_id": "wm2-visual-redraw-20260927",
        "source_floorplan": "source/mingyuan_b_floors_4-5_reference.jpg",
        "render_class": "wall",
        "kind": "room_boundary"
      },
      "geometry": {
        "type": "LineString",
        "coordinates": [
          [
            108.89822588445048,
            34.370171831186894
          ],
          [
            108.89819424506013,
            34.37024408907795
          ],
          [
            108.89801016115531,
            34.370188395549995
          ],
          [
            108.89804180054568,
            34.37011613765895
          ],
          [
            108.89822588445048,
            34.370171831186894
          ]
        ]
      }
    },
    {
      "type": "Feature",
      "id": "wm2-f4-room-04",
      "properties": {
        "campus_id": "weishui",
        "building_id": "WM2",
        "building_key": "wm2",
        "building_place_id": "weishui.osm.way.440689410",
        "floor": 4,
        "level": 4,
        "georef_status": "verified",
        "georef_transform_id": "wm2-visual-redraw-20260927",
        "source_floorplan": "source/mingyuan_b_floors_4-5_reference.jpg",
        "render_class": "room",
        "kind": "classroom",
        "room_code": "WM2402",
        "name": "WM2402",
        "indoor_space_id": "weishui.wm2.wm2402",
        "verified": true
      },
      "geometry": {
        "type": "Polygon",
        "coordinates": [
          [
            [
              108.89849178342409,
              34.37025227739394
            ],
            [
              108.89846014403372,
              34.37032453528499
            ],
            [
              108.89827606012892,
              34.37026884175704
            ],
            [
              108.8983076995193,
              34.37019658386599
            ],
            [
              108.89849178342409,
              34.37025227739394
            ]
          ]
        ]
      }
    },
    {
      "type": "Feature",
      "id": "wm2-f4-wall-04",
      "properties": {
        "campus_id": "weishui",
        "building_id": "WM2",
        "building_key": "wm2",
        "building_place_id": "weishui.osm.way.440689410",
        "floor": 4,
        "level": 4,
        "georef_status": "verified",
        "georef_transform_id": "wm2-visual-redraw-20260927",
        "source_floorplan": "source/mingyuan_b_floors_4-5_reference.jpg",
        "render_class": "wall",
        "kind": "room_boundary"
      },
      "geometry": {
        "type": "LineString",
        "coordinates": [
          [
            108.89849178342409,
            34.37025227739394
          ],
          [
            108.89846014403372,
            34.37032453528499
          ],
          [
            108.89827606012892,
            34.37026884175704
          ],
          [
            108.8983076995193,
            34.37019658386599
          ],
          [
            108.89849178342409,
            34.37025227739394
          ]
        ]
      }
    },
    {
      "type": "Feature",
      "id": "wm2-f4-room-05",
      "properties": {
        "campus_id": "weishui",
        "building_id": "WM2",
        "building_key": "wm2",
        "building_place_id": "weishui.osm.way.440689410",
        "floor": 4,
        "level": 4,
        "georef_status": "verified",
        "georef_transform_id": "wm2-visual-redraw-20260927",
        "source_floorplan": "source/mingyuan_b_floors_4-5_reference.jpg",
        "render_class": "room",
        "kind": "classroom",
        "room_code": "WM2403",
        "name": "WM2403",
        "indoor_space_id": "weishui.wm2.wm2403",
        "verified": true
      },
      "geometry": {
        "type": "Polygon",
        "coordinates": [
          [
            [
              108.8980525631376,
              34.369919631843736
            ],
            [
              108.89802278488784,
              34.36998763927061
            ],
            [
              108.89782847409943,
              34.36992885165777
            ],
            [
              108.8978582523492,
              34.3698608442309
            ],
            [
              108.8980525631376,
              34.369919631843736
            ]
          ]
        ]
      }
    },
    {
      "type": "Feature",
      "id": "wm2-f4-wall-05",
      "properties": {
        "campus_id": "weishui",
        "building_id": "WM2",
        "building_key": "wm2",
        "building_place_id": "weishui.osm.way.440689410",
        "floor": 4,
        "level": 4,
        "georef_status": "verified",
        "georef_transform_id": "wm2-visual-redraw-20260927",
        "source_floorplan": "source/mingyuan_b_floors_4-5_reference.jpg",
        "render_class": "wall",
        "kind": "room_boundary"
      },
      "geometry": {
        "type": "LineString",
        "coordinates": [
          [
            108.8980525631376,
            34.369919631843736
          ],
          [
            108.89802278488784,
            34.36998763927061
          ],
          [
            108.89782847409943,
            34.36992885165777
          ],
          [
            108.8978582523492,
            34.3698608442309
          ],
          [
            108.8980525631376,
            34.369919631843736
          ]
        ]
      }
    },
    {
      "type": "Feature",
      "id": "wm2-f4-room-06",
      "properties": {
        "campus_id": "weishui",
        "building_id": "WM2",
        "building_key": "wm2",
        "building_place_id": "weishui.osm.way.440689410",
        "floor": 4,
        "level": 4,
        "georef_status": "verified",
        "georef_transform_id": "wm2-visual-redraw-20260927",
        "source_floorplan": "source/mingyuan_b_floors_4-5_reference.jpg",
        "render_class": "room",
        "kind": "classroom",
        "room_code": "WM2401",
        "name": "WM2401",
        "indoor_space_id": "weishui.wm2.wm2401",
        "verified": true
      },
      "geometry": {
        "type": "Polygon",
        "coordinates": [
          [
            [
              108.89828825144043,
              34.369976497361144
            ],
            [
              108.89825847319067,
              34.37004450478801
            ],
            [
              108.89809484305307,
              34.36999499942983
            ],
            [
              108.89812462130283,
              34.36992699200296
            ],
            [
              108.89828825144043,
              34.369976497361144
            ]
          ]
        ]
      }
    },
    {
      "type": "Feature",
      "id": "wm2-f4-wall-06",
      "properties": {
        "campus_id": "weishui",
        "building_id": "WM2",
        "building_key": "wm2",
        "building_place_id": "weishui.osm.way.440689410",
        "floor": 4,
        "level": 4,
        "georef_status": "verified",
        "georef_transform_id": "wm2-visual-redraw-20260927",
        "source_floorplan": "source/mingyuan_b_floors_4-5_reference.jpg",
        "render_class": "wall",
        "kind": "room_boundary"
      },
      "geometry": {
        "type": "LineString",
        "coordinates": [
          [
            108.89828825144043,
            34.369976497361144
          ],
          [
            108.89825847319067,
            34.37004450478801
          ],
          [
            108.89809484305307,
            34.36999499942983
          ],
          [
            108.89812462130283,
            34.36992699200296
          ],
          [
            108.89828825144043,
            34.369976497361144
          ]
        ]
      }
    },
    {
      "type": "Feature",
      "id": "wm2-f4-facility-01",
      "properties": {
        "campus_id": "weishui",
        "building_id": "WM2",
        "building_key": "wm2",
        "building_place_id": "weishui.osm.way.440689410",
        "floor": 4,
        "level": 4,
        "georef_status": "verified",
        "georef_transform_id": "wm2-visual-redraw-20260927",
        "source_floorplan": "source/mingyuan_b_floors_4-5_reference.jpg",
        "render_class": "facility",
        "kind": "stair",
        "space_type": "stair",
        "name": "楼梯",
        "facility_label": "楼梯"
      },
      "geometry": {
        "type": "Polygon",
        "coordinates": [
          [
            [
              108.89771667396012,
              34.36989984070942
            ],
            [
              108.89769061799159,
              34.36995934720793
            ],
            [
              108.89763437013178,
              34.36994232974106
            ],
            [
              108.89766042610032,
              34.36988282324255
            ],
            [
              108.89771667396012,
              34.36989984070942
            ]
          ]
        ]
      }
    },
    {
      "type": "Feature",
      "id": "wm2-f4-stair-detail-01",
      "properties": {
        "campus_id": "weishui",
        "building_id": "WM2",
        "building_key": "wm2",
        "building_place_id": "weishui.osm.way.440689410",
        "floor": 4,
        "level": 4,
        "georef_status": "verified",
        "georef_transform_id": "wm2-visual-redraw-20260927",
        "source_floorplan": "source/mingyuan_b_floors_4-5_reference.jpg",
        "render_class": "facility_detail",
        "kind": "stair_steps",
        "space_type": "stair"
      },
      "geometry": {
        "type": "MultiLineString",
        "coordinates": [
          [
            [
              108.89766051493196,
              34.36989452295638
            ],
            [
              108.89770755859652,
              34.369908755746856
            ]
          ],
          [
            [
              108.89765767669253,
              34.369901004914254
            ],
            [
              108.8977047203571,
              34.36991523770473
            ]
          ],
          [
            [
              108.89765483845311,
              34.36990748687213
            ],
            [
              108.89770188211766,
              34.36992171966261
            ]
          ],
          [
            [
              108.89765200021367,
              34.369913968830005
            ],
            [
              108.89769904387823,
              34.36992820162048
            ]
          ],
          [
            [
              108.89764916197424,
              34.36992045078787
            ],
            [
              108.89769620563881,
              34.36993468357835
            ]
          ],
          [
            [
              108.8976463237348,
              34.36992693274575
            ],
            [
              108.89769336739937,
              34.369941165536225
            ]
          ],
          [
            [
              108.89764348549538,
              34.369933414703624
            ],
            [
              108.89769052915995,
              34.3699476474941
            ]
          ]
        ]
      }
    },
    {
      "type": "Feature",
      "id": "wm2-f4-facility-02",
      "properties": {
        "campus_id": "weishui",
        "building_id": "WM2",
        "building_key": "wm2",
        "building_place_id": "weishui.osm.way.440689410",
        "floor": 4,
        "level": 4,
        "georef_status": "verified",
        "georef_transform_id": "wm2-visual-redraw-20260927",
        "source_floorplan": "source/mingyuan_b_floors_4-5_reference.jpg",
        "render_class": "facility",
        "kind": "stair",
        "space_type": "stair",
        "name": "楼梯",
        "facility_label": "楼梯"
      },
      "geometry": {
        "type": "Polygon",
        "coordinates": [
          [
            [
              108.89801836702632,
              34.36999111621357
            ],
            [
              108.89799231105779,
              34.37005062271208
            ],
            [
              108.89793606319799,
              34.370033605245204
            ],
            [
              108.89796211916652,
              34.369974098746695
            ],
            [
              108.89801836702632,
              34.36999111621357
            ]
          ]
        ]
      }
    },
    {
      "type": "Feature",
      "id": "wm2-f4-stair-detail-02",
      "properties": {
        "campus_id": "weishui",
        "building_id": "WM2",
        "building_key": "wm2",
        "building_place_id": "weishui.osm.way.440689410",
        "floor": 4,
        "level": 4,
        "georef_status": "verified",
        "georef_transform_id": "wm2-visual-redraw-20260927",
        "source_floorplan": "source/mingyuan_b_floors_4-5_reference.jpg",
        "render_class": "facility_detail",
        "kind": "stair_steps",
        "space_type": "stair"
      },
      "geometry": {
        "type": "MultiLineString",
        "coordinates": [
          [
            [
              108.89796220799816,
              34.369985798460526
            ],
            [
              108.89800925166273,
              34.370000031251
            ]
          ],
          [
            [
              108.89795936975874,
              34.3699922804184
            ],
            [
              108.8980064134233,
              34.37000651320888
            ]
          ],
          [
            [
              108.89795653151931,
              34.36999876237628
            ],
            [
              108.89800357518386,
              34.37001299516675
            ]
          ],
          [
            [
              108.89795369327987,
              34.370005244334145
            ],
            [
              108.89800073694444,
              34.37001947712462
            ]
          ],
          [
            [
              108.89795085504045,
              34.37001172629202
            ],
            [
              108.897997898705,
              34.3700259590825
            ]
          ],
          [
            [
              108.89794801680101,
              34.370018208249896
            ],
            [
              108.89799506046558,
              34.37003244104037
            ]
          ],
          [
            [
              108.89794517856159,
              34.37002469020777
            ],
            [
              108.89799222222615,
              34.37003892299825
            ]
          ]
        ]
      }
    },
    {
      "type": "Feature",
      "id": "wm2-f4-facility-03",
      "properties": {
        "campus_id": "weishui",
        "building_id": "WM2",
        "building_key": "wm2",
        "building_place_id": "weishui.osm.way.440689410",
        "floor": 4,
        "level": 4,
        "georef_status": "verified",
        "georef_transform_id": "wm2-visual-redraw-20260927",
        "source_floorplan": "source/mingyuan_b_floors_4-5_reference.jpg",
        "render_class": "facility",
        "kind": "stair",
        "space_type": "stair",
        "name": "楼梯",
        "facility_label": "楼梯"
      },
      "geometry": {
        "type": "Polygon",
        "coordinates": [
          [
            [
              108.89839164827774,
              34.370104050311916
            ],
            [
              108.89836559230919,
              34.370163556810425
            ],
            [
              108.89830934444939,
              34.37014653934355
            ],
            [
              108.89833540041793,
              34.37008703284504
            ],
            [
              108.89839164827774,
              34.370104050311916
            ]
          ]
        ]
      }
    },
    {
      "type": "Feature",
      "id": "wm2-f4-stair-detail-03",
      "properties": {
        "campus_id": "weishui",
        "building_id": "WM2",
        "building_key": "wm2",
        "building_place_id": "weishui.osm.way.440689410",
        "floor": 4,
        "level": 4,
        "georef_status": "verified",
        "georef_transform_id": "wm2-visual-redraw-20260927",
        "source_floorplan": "source/mingyuan_b_floors_4-5_reference.jpg",
        "render_class": "facility_detail",
        "kind": "stair_steps",
        "space_type": "stair"
      },
      "geometry": {
        "type": "MultiLineString",
        "coordinates": [
          [
            [
              108.89833548924958,
              34.37009873255887
            ],
            [
              108.89838253291413,
              34.37011296534935
            ]
          ],
          [
            [
              108.89833265101014,
              34.37010521451675
            ],
            [
              108.8983796946747,
              34.370119447307225
            ]
          ],
          [
            [
              108.89832981277071,
              34.37011169647462
            ],
            [
              108.89837685643528,
              34.3701259292651
            ]
          ],
          [
            [
              108.89832697453129,
              34.3701181784325
            ],
            [
              108.89837401819584,
              34.370132411222976
            ]
          ],
          [
            [
              108.89832413629185,
              34.37012466039037
            ],
            [
              108.89837117995641,
              34.370138893180844
            ]
          ],
          [
            [
              108.89832129805242,
              34.37013114234824
            ],
            [
              108.89836834171699,
              34.37014537513872
            ]
          ],
          [
            [
              108.898318459813,
              34.37013762430612
            ],
            [
              108.89836550347755,
              34.370151857096594
            ]
          ]
        ]
      }
    },
    {
      "type": "Feature",
      "id": "wm2-f4-facility-04",
      "properties": {
        "campus_id": "weishui",
        "building_id": "WM2",
        "building_key": "wm2",
        "building_place_id": "weishui.osm.way.440689410",
        "floor": 4,
        "level": 4,
        "georef_status": "verified",
        "georef_transform_id": "wm2-visual-redraw-20260927",
        "source_floorplan": "source/mingyuan_b_floors_4-5_reference.jpg",
        "render_class": "facility",
        "kind": "stair",
        "space_type": "stair",
        "name": "楼梯",
        "facility_label": "楼梯"
      },
      "geometry": {
        "type": "Polygon",
        "coordinates": [
          [
            [
              108.89856291101901,
              34.370261762785255
            ],
            [
              108.89852941048804,
              34.37033827114048
            ],
            [
              108.89847827607004,
              34.37032280071605
            ],
            [
              108.89851177660101,
              34.37024629236082
            ],
            [
              108.89856291101901,
              34.370261762785255
            ]
          ]
        ]
      }
    },
    {
      "type": "Feature",
      "id": "wm2-f4-stair-detail-04",
      "properties": {
        "campus_id": "weishui",
        "building_id": "WM2",
        "building_key": "wm2",
        "building_place_id": "weishui.osm.way.440689410",
        "floor": 4,
        "level": 4,
        "georef_status": "verified",
        "georef_transform_id": "wm2-visual-redraw-20260927",
        "source_floorplan": "source/mingyuan_b_floors_4-5_reference.jpg",
        "render_class": "facility_detail",
        "kind": "stair_steps",
        "space_type": "stair"
      },
      "geometry": {
        "type": "MultiLineString",
        "coordinates": [
          [
            [
              108.89851196271955,
              34.370257769891296
            ],
            [
              108.89855389294232,
              34.370270455639336
            ]
          ],
          [
            [
              108.89850922176701,
              34.37026402966582
            ],
            [
              108.89855115198978,
              34.37027671541385
            ]
          ],
          [
            [
              108.89850648081449,
              34.370270289440334
            ],
            [
              108.89854841103724,
              34.370282975188374
            ]
          ],
          [
            [
              108.89850373986195,
              34.37027654921486
            ],
            [
              108.89854567008472,
              34.37028923496289
            ]
          ],
          [
            [
              108.89850099890941,
              34.37028280898937
            ],
            [
              108.89854292913218,
              34.370295494737405
            ]
          ],
          [
            [
              108.89849825795689,
              34.370289068763896
            ],
            [
              108.89854018817964,
              34.37030175451193
            ]
          ],
          [
            [
              108.89849551700435,
              34.37029532853841
            ],
            [
              108.89853744722711,
              34.370308014286444
            ]
          ],
          [
            [
              108.89849277605181,
              34.370301588312934
            ],
            [
              108.89853470627457,
              34.370314274060966
            ]
          ],
          [
            [
              108.89849003509927,
              34.37030784808745
            ],
            [
              108.89853196532204,
              34.37032053383548
            ]
          ],
          [
            [
              108.89848729414675,
              34.370314107861965
            ],
            [
              108.8985292243695,
              34.370326793610005
            ]
          ]
        ]
      }
    },
    {
      "type": "Feature",
      "id": "wm2-f5-floor-shell",
      "properties": {
        "campus_id": "weishui",
        "building_id": "WM2",
        "building_key": "wm2",
        "building_place_id": "weishui.osm.way.440689410",
        "floor": 5,
        "level": 5,
        "georef_status": "verified",
        "georef_transform_id": "wm2-visual-redraw-20260927",
        "source_floorplan": "source/mingyuan_b_floors_4-5_reference.jpg",
        "render_class": "floor_shell"
      },
      "geometry": {
        "type": "Polygon",
        "coordinates": [
          [
            [
              108.8985507,
              34.369973
            ],
            [
              108.8984717,
              34.3701659
            ],
            [
              108.89854,
              34.3701849
            ],
            [
              108.898528,
              34.3702142
            ],
            [
              108.8985182,
              34.3702382
            ],
            [
              108.8986022,
              34.3702616
            ],
            [
              108.89858,
              34.3703159
            ],
            [
              108.8985578,
              34.3703702
            ],
            [
              108.8974287,
              34.3700555
            ],
            [
              108.8974946,
              34.3698985
            ],
            [
              108.8975605,
              34.3697415
            ],
            [
              108.8977312,
              34.3697892
            ],
            [
              108.8976927,
              34.3698829
            ],
            [
              108.8977617,
              34.3699022
            ],
            [
              108.8978183,
              34.3699181
            ],
            [
              108.8978489,
              34.3698434
            ],
            [
              108.8983097,
              34.3699722
            ],
            [
              108.8982775,
              34.3700506
            ],
            [
              108.8983173,
              34.3700618
            ],
            [
              108.8983739,
              34.3699237
            ],
            [
              108.8985507,
              34.369973
            ]
          ]
        ]
      }
    },
    {
      "type": "Feature",
      "id": "wm2-f5-corridor",
      "properties": {
        "campus_id": "weishui",
        "building_id": "WM2",
        "building_key": "wm2",
        "building_place_id": "weishui.osm.way.440689410",
        "floor": 5,
        "level": 5,
        "georef_status": "verified",
        "georef_transform_id": "wm2-visual-redraw-20260927",
        "source_floorplan": "source/mingyuan_b_floors_4-5_reference.jpg",
        "render_class": "corridor",
        "name": "走廊"
      },
      "geometry": {
        "type": "Polygon",
        "coordinates": [
          [
            [
              108.8983739,
              34.3699237
            ],
            [
              108.8983173,
              34.3700618
            ],
            [
              108.8982775,
              34.3700506
            ],
            [
              108.8983097,
              34.3699722
            ],
            [
              108.8978489,
              34.3698434
            ],
            [
              108.8978183,
              34.3699181
            ],
            [
              108.8977617,
              34.3699022
            ],
            [
              108.8976927,
              34.3698829
            ],
            [
              108.8977312,
              34.3697892
            ],
            [
              108.8975605,
              34.3697415
            ],
            [
              108.8974946,
              34.3698985
            ],
            [
              108.8974287,
              34.3700555
            ],
            [
              108.8985578,
              34.3703702
            ],
            [
              108.89858,
              34.3703159
            ],
            [
              108.8986022,
              34.3702616
            ],
            [
              108.8985182,
              34.3702382
            ],
            [
              108.898528,
              34.3702142
            ],
            [
              108.89854,
              34.3701849
            ],
            [
              108.8984717,
              34.3701659
            ],
            [
              108.8985507,
              34.369973
            ],
            [
              108.8983739,
              34.3699237
            ]
          ],
          [
            [
              108.89763437013178,
              34.36994232974106
            ],
            [
              108.89766042610032,
              34.36988282324255
            ],
            [
              108.89771667396012,
              34.36989984070942
            ],
            [
              108.89769061799159,
              34.36995934720793
            ],
            [
              108.89763437013178,
              34.36994232974106
            ]
          ],
          [
            [
              108.89793606319799,
              34.370033605245204
            ],
            [
              108.89796211916652,
              34.369974098746695
            ],
            [
              108.89801836702632,
              34.36999111621357
            ],
            [
              108.89799231105779,
              34.37005062271208
            ],
            [
              108.89793606319799,
              34.370033605245204
            ]
          ],
          [
            [
              108.89830934444939,
              34.37014653934355
            ],
            [
              108.89833540041793,
              34.37008703284504
            ],
            [
              108.89839164827774,
              34.370104050311916
            ],
            [
              108.89836559230919,
              34.370163556810425
            ],
            [
              108.89830934444939,
              34.37014653934355
            ]
          ],
          [
            [
              108.89847827607004,
              34.37032280071605
            ],
            [
              108.89851177660101,
              34.37024629236082
            ],
            [
              108.89856291101901,
              34.370261762785255
            ],
            [
              108.89852941048804,
              34.37033827114048
            ],
            [
              108.89847827607004,
              34.37032280071605
            ]
          ],
          [
            [
              108.89749370353351,
              34.37003214426324
            ],
            [
              108.89752534292387,
              34.369959886372186
            ],
            [
              108.89769919994508,
              34.37001248581526
            ],
            [
              108.89766756055471,
              34.37008474370631
            ],
            [
              108.89749370353351,
              34.37003214426324
            ]
          ],
          [
            [
              108.8977544890653,
              34.37011104342784
            ],
            [
              108.89778612845568,
              34.37003878553679
            ],
            [
              108.89797021236049,
              34.37009447906474
            ],
            [
              108.89793857297012,
              34.37016673695579
            ],
            [
              108.8977544890653,
              34.37011104342784
            ]
          ],
          [
            [
              108.89801016115531,
              34.370188395549995
            ],
            [
              108.89804180054568,
              34.37011613765895
            ],
            [
              108.89822588445048,
              34.370171831186894
            ],
            [
              108.89819424506013,
              34.37024408907795
            ],
            [
              108.89801016115531,
              34.370188395549995
            ]
          ],
          [
            [
              108.89827606012892,
              34.37026884175704
            ],
            [
              108.8983076995193,
              34.37019658386599
            ],
            [
              108.89849178342409,
              34.37025227739394
            ],
            [
              108.89846014403372,
              34.37032453528499
            ],
            [
              108.89827606012892,
              34.37026884175704
            ]
          ]
        ]
      }
    },
    {
      "type": "Feature",
      "id": "wm2-f5-room-01",
      "properties": {
        "campus_id": "weishui",
        "building_id": "WM2",
        "building_key": "wm2",
        "building_place_id": "weishui.osm.way.440689410",
        "floor": 5,
        "level": 5,
        "georef_status": "verified",
        "georef_transform_id": "wm2-visual-redraw-20260927",
        "source_floorplan": "source/mingyuan_b_floors_4-5_reference.jpg",
        "render_class": "room",
        "kind": "classroom",
        "room_code": "WM2508",
        "name": "WM2508",
        "indoor_space_id": "weishui.wm2.wm2508",
        "verified": true
      },
      "geometry": {
        "type": "Polygon",
        "coordinates": [
          [
            [
              108.89769919994508,
              34.37001248581526
            ],
            [
              108.89766756055471,
              34.37008474370631
            ],
            [
              108.89749370353351,
              34.37003214426324
            ],
            [
              108.89752534292387,
              34.369959886372186
            ],
            [
              108.89769919994508,
              34.37001248581526
            ]
          ]
        ]
      }
    },
    {
      "type": "Feature",
      "id": "wm2-f5-wall-01",
      "properties": {
        "campus_id": "weishui",
        "building_id": "WM2",
        "building_key": "wm2",
        "building_place_id": "weishui.osm.way.440689410",
        "floor": 5,
        "level": 5,
        "georef_status": "verified",
        "georef_transform_id": "wm2-visual-redraw-20260927",
        "source_floorplan": "source/mingyuan_b_floors_4-5_reference.jpg",
        "render_class": "wall",
        "kind": "room_boundary"
      },
      "geometry": {
        "type": "LineString",
        "coordinates": [
          [
            108.89769919994508,
            34.37001248581526
          ],
          [
            108.89766756055471,
            34.37008474370631
          ],
          [
            108.89749370353351,
            34.37003214426324
          ],
          [
            108.89752534292387,
            34.369959886372186
          ],
          [
            108.89769919994508,
            34.37001248581526
          ]
        ]
      }
    },
    {
      "type": "Feature",
      "id": "wm2-f5-room-02",
      "properties": {
        "campus_id": "weishui",
        "building_id": "WM2",
        "building_key": "wm2",
        "building_place_id": "weishui.osm.way.440689410",
        "floor": 5,
        "level": 5,
        "georef_status": "verified",
        "georef_transform_id": "wm2-visual-redraw-20260927",
        "source_floorplan": "source/mingyuan_b_floors_4-5_reference.jpg",
        "render_class": "room",
        "kind": "classroom",
        "room_code": "WM2506",
        "name": "WM2506",
        "indoor_space_id": "weishui.wm2.wm2506",
        "verified": true
      },
      "geometry": {
        "type": "Polygon",
        "coordinates": [
          [
            [
              108.89797021236049,
              34.37009447906474
            ],
            [
              108.89793857297012,
              34.37016673695579
            ],
            [
              108.8977544890653,
              34.37011104342784
            ],
            [
              108.89778612845568,
              34.37003878553679
            ],
            [
              108.89797021236049,
              34.37009447906474
            ]
          ]
        ]
      }
    },
    {
      "type": "Feature",
      "id": "wm2-f5-wall-02",
      "properties": {
        "campus_id": "weishui",
        "building_id": "WM2",
        "building_key": "wm2",
        "building_place_id": "weishui.osm.way.440689410",
        "floor": 5,
        "level": 5,
        "georef_status": "verified",
        "georef_transform_id": "wm2-visual-redraw-20260927",
        "source_floorplan": "source/mingyuan_b_floors_4-5_reference.jpg",
        "render_class": "wall",
        "kind": "room_boundary"
      },
      "geometry": {
        "type": "LineString",
        "coordinates": [
          [
            108.89797021236049,
            34.37009447906474
          ],
          [
            108.89793857297012,
            34.37016673695579
          ],
          [
            108.8977544890653,
            34.37011104342784
          ],
          [
            108.89778612845568,
            34.37003878553679
          ],
          [
            108.89797021236049,
            34.37009447906474
          ]
        ]
      }
    },
    {
      "type": "Feature",
      "id": "wm2-f5-room-03",
      "properties": {
        "campus_id": "weishui",
        "building_id": "WM2",
        "building_key": "wm2",
        "building_place_id": "weishui.osm.way.440689410",
        "floor": 5,
        "level": 5,
        "georef_status": "verified",
        "georef_transform_id": "wm2-visual-redraw-20260927",
        "source_floorplan": "source/mingyuan_b_floors_4-5_reference.jpg",
        "render_class": "room",
        "kind": "classroom",
        "room_code": "WM2504",
        "name": "WM2504",
        "indoor_space_id": "weishui.wm2.wm2504",
        "verified": true
      },
      "geometry": {
        "type": "Polygon",
        "coordinates": [
          [
            [
              108.89822588445048,
              34.370171831186894
            ],
            [
              108.89819424506013,
              34.37024408907795
            ],
            [
              108.89801016115531,
              34.370188395549995
            ],
            [
              108.89804180054568,
              34.37011613765895
            ],
            [
              108.89822588445048,
              34.370171831186894
            ]
          ]
        ]
      }
    },
    {
      "type": "Feature",
      "id": "wm2-f5-wall-03",
      "properties": {
        "campus_id": "weishui",
        "building_id": "WM2",
        "building_key": "wm2",
        "building_place_id": "weishui.osm.way.440689410",
        "floor": 5,
        "level": 5,
        "georef_status": "verified",
        "georef_transform_id": "wm2-visual-redraw-20260927",
        "source_floorplan": "source/mingyuan_b_floors_4-5_reference.jpg",
        "render_class": "wall",
        "kind": "room_boundary"
      },
      "geometry": {
        "type": "LineString",
        "coordinates": [
          [
            108.89822588445048,
            34.370171831186894
          ],
          [
            108.89819424506013,
            34.37024408907795
          ],
          [
            108.89801016115531,
            34.370188395549995
          ],
          [
            108.89804180054568,
            34.37011613765895
          ],
          [
            108.89822588445048,
            34.370171831186894
          ]
        ]
      }
    },
    {
      "type": "Feature",
      "id": "wm2-f5-room-04",
      "properties": {
        "campus_id": "weishui",
        "building_id": "WM2",
        "building_key": "wm2",
        "building_place_id": "weishui.osm.way.440689410",
        "floor": 5,
        "level": 5,
        "georef_status": "verified",
        "georef_transform_id": "wm2-visual-redraw-20260927",
        "source_floorplan": "source/mingyuan_b_floors_4-5_reference.jpg",
        "render_class": "room",
        "kind": "classroom",
        "room_code": "WM2502",
        "name": "WM2502",
        "indoor_space_id": "weishui.wm2.wm2502",
        "verified": true
      },
      "geometry": {
        "type": "Polygon",
        "coordinates": [
          [
            [
              108.89849178342409,
              34.37025227739394
            ],
            [
              108.89846014403372,
              34.37032453528499
            ],
            [
              108.89827606012892,
              34.37026884175704
            ],
            [
              108.8983076995193,
              34.37019658386599
            ],
            [
              108.89849178342409,
              34.37025227739394
            ]
          ]
        ]
      }
    },
    {
      "type": "Feature",
      "id": "wm2-f5-wall-04",
      "properties": {
        "campus_id": "weishui",
        "building_id": "WM2",
        "building_key": "wm2",
        "building_place_id": "weishui.osm.way.440689410",
        "floor": 5,
        "level": 5,
        "georef_status": "verified",
        "georef_transform_id": "wm2-visual-redraw-20260927",
        "source_floorplan": "source/mingyuan_b_floors_4-5_reference.jpg",
        "render_class": "wall",
        "kind": "room_boundary"
      },
      "geometry": {
        "type": "LineString",
        "coordinates": [
          [
            108.89849178342409,
            34.37025227739394
          ],
          [
            108.89846014403372,
            34.37032453528499
          ],
          [
            108.89827606012892,
            34.37026884175704
          ],
          [
            108.8983076995193,
            34.37019658386599
          ],
          [
            108.89849178342409,
            34.37025227739394
          ]
        ]
      }
    },
    {
      "type": "Feature",
      "id": "wm2-f5-facility-01",
      "properties": {
        "campus_id": "weishui",
        "building_id": "WM2",
        "building_key": "wm2",
        "building_place_id": "weishui.osm.way.440689410",
        "floor": 5,
        "level": 5,
        "georef_status": "verified",
        "georef_transform_id": "wm2-visual-redraw-20260927",
        "source_floorplan": "source/mingyuan_b_floors_4-5_reference.jpg",
        "render_class": "facility",
        "kind": "stair",
        "space_type": "stair",
        "name": "楼梯",
        "facility_label": "楼梯"
      },
      "geometry": {
        "type": "Polygon",
        "coordinates": [
          [
            [
              108.89771667396012,
              34.36989984070942
            ],
            [
              108.89769061799159,
              34.36995934720793
            ],
            [
              108.89763437013178,
              34.36994232974106
            ],
            [
              108.89766042610032,
              34.36988282324255
            ],
            [
              108.89771667396012,
              34.36989984070942
            ]
          ]
        ]
      }
    },
    {
      "type": "Feature",
      "id": "wm2-f5-stair-detail-01",
      "properties": {
        "campus_id": "weishui",
        "building_id": "WM2",
        "building_key": "wm2",
        "building_place_id": "weishui.osm.way.440689410",
        "floor": 5,
        "level": 5,
        "georef_status": "verified",
        "georef_transform_id": "wm2-visual-redraw-20260927",
        "source_floorplan": "source/mingyuan_b_floors_4-5_reference.jpg",
        "render_class": "facility_detail",
        "kind": "stair_steps",
        "space_type": "stair"
      },
      "geometry": {
        "type": "MultiLineString",
        "coordinates": [
          [
            [
              108.89766051493196,
              34.36989452295638
            ],
            [
              108.89770755859652,
              34.369908755746856
            ]
          ],
          [
            [
              108.89765767669253,
              34.369901004914254
            ],
            [
              108.8977047203571,
              34.36991523770473
            ]
          ],
          [
            [
              108.89765483845311,
              34.36990748687213
            ],
            [
              108.89770188211766,
              34.36992171966261
            ]
          ],
          [
            [
              108.89765200021367,
              34.369913968830005
            ],
            [
              108.89769904387823,
              34.36992820162048
            ]
          ],
          [
            [
              108.89764916197424,
              34.36992045078787
            ],
            [
              108.89769620563881,
              34.36993468357835
            ]
          ],
          [
            [
              108.8976463237348,
              34.36992693274575
            ],
            [
              108.89769336739937,
              34.369941165536225
            ]
          ],
          [
            [
              108.89764348549538,
              34.369933414703624
            ],
            [
              108.89769052915995,
              34.3699476474941
            ]
          ]
        ]
      }
    },
    {
      "type": "Feature",
      "id": "wm2-f5-facility-02",
      "properties": {
        "campus_id": "weishui",
        "building_id": "WM2",
        "building_key": "wm2",
        "building_place_id": "weishui.osm.way.440689410",
        "floor": 5,
        "level": 5,
        "georef_status": "verified",
        "georef_transform_id": "wm2-visual-redraw-20260927",
        "source_floorplan": "source/mingyuan_b_floors_4-5_reference.jpg",
        "render_class": "facility",
        "kind": "stair",
        "space_type": "stair",
        "name": "楼梯",
        "facility_label": "楼梯"
      },
      "geometry": {
        "type": "Polygon",
        "coordinates": [
          [
            [
              108.89801836702632,
              34.36999111621357
            ],
            [
              108.89799231105779,
              34.37005062271208
            ],
            [
              108.89793606319799,
              34.370033605245204
            ],
            [
              108.89796211916652,
              34.369974098746695
            ],
            [
              108.89801836702632,
              34.36999111621357
            ]
          ]
        ]
      }
    },
    {
      "type": "Feature",
      "id": "wm2-f5-stair-detail-02",
      "properties": {
        "campus_id": "weishui",
        "building_id": "WM2",
        "building_key": "wm2",
        "building_place_id": "weishui.osm.way.440689410",
        "floor": 5,
        "level": 5,
        "georef_status": "verified",
        "georef_transform_id": "wm2-visual-redraw-20260927",
        "source_floorplan": "source/mingyuan_b_floors_4-5_reference.jpg",
        "render_class": "facility_detail",
        "kind": "stair_steps",
        "space_type": "stair"
      },
      "geometry": {
        "type": "MultiLineString",
        "coordinates": [
          [
            [
              108.89796220799816,
              34.369985798460526
            ],
            [
              108.89800925166273,
              34.370000031251
            ]
          ],
          [
            [
              108.89795936975874,
              34.3699922804184
            ],
            [
              108.8980064134233,
              34.37000651320888
            ]
          ],
          [
            [
              108.89795653151931,
              34.36999876237628
            ],
            [
              108.89800357518386,
              34.37001299516675
            ]
          ],
          [
            [
              108.89795369327987,
              34.370005244334145
            ],
            [
              108.89800073694444,
              34.37001947712462
            ]
          ],
          [
            [
              108.89795085504045,
              34.37001172629202
            ],
            [
              108.897997898705,
              34.3700259590825
            ]
          ],
          [
            [
              108.89794801680101,
              34.370018208249896
            ],
            [
              108.89799506046558,
              34.37003244104037
            ]
          ],
          [
            [
              108.89794517856159,
              34.37002469020777
            ],
            [
              108.89799222222615,
              34.37003892299825
            ]
          ]
        ]
      }
    },
    {
      "type": "Feature",
      "id": "wm2-f5-facility-03",
      "properties": {
        "campus_id": "weishui",
        "building_id": "WM2",
        "building_key": "wm2",
        "building_place_id": "weishui.osm.way.440689410",
        "floor": 5,
        "level": 5,
        "georef_status": "verified",
        "georef_transform_id": "wm2-visual-redraw-20260927",
        "source_floorplan": "source/mingyuan_b_floors_4-5_reference.jpg",
        "render_class": "facility",
        "kind": "stair",
        "space_type": "stair",
        "name": "楼梯",
        "facility_label": "楼梯"
      },
      "geometry": {
        "type": "Polygon",
        "coordinates": [
          [
            [
              108.89839164827774,
              34.370104050311916
            ],
            [
              108.89836559230919,
              34.370163556810425
            ],
            [
              108.89830934444939,
              34.37014653934355
            ],
            [
              108.89833540041793,
              34.37008703284504
            ],
            [
              108.89839164827774,
              34.370104050311916
            ]
          ]
        ]
      }
    },
    {
      "type": "Feature",
      "id": "wm2-f5-stair-detail-03",
      "properties": {
        "campus_id": "weishui",
        "building_id": "WM2",
        "building_key": "wm2",
        "building_place_id": "weishui.osm.way.440689410",
        "floor": 5,
        "level": 5,
        "georef_status": "verified",
        "georef_transform_id": "wm2-visual-redraw-20260927",
        "source_floorplan": "source/mingyuan_b_floors_4-5_reference.jpg",
        "render_class": "facility_detail",
        "kind": "stair_steps",
        "space_type": "stair"
      },
      "geometry": {
        "type": "MultiLineString",
        "coordinates": [
          [
            [
              108.89833548924958,
              34.37009873255887
            ],
            [
              108.89838253291413,
              34.37011296534935
            ]
          ],
          [
            [
              108.89833265101014,
              34.37010521451675
            ],
            [
              108.8983796946747,
              34.370119447307225
            ]
          ],
          [
            [
              108.89832981277071,
              34.37011169647462
            ],
            [
              108.89837685643528,
              34.3701259292651
            ]
          ],
          [
            [
              108.89832697453129,
              34.3701181784325
            ],
            [
              108.89837401819584,
              34.370132411222976
            ]
          ],
          [
            [
              108.89832413629185,
              34.37012466039037
            ],
            [
              108.89837117995641,
              34.370138893180844
            ]
          ],
          [
            [
              108.89832129805242,
              34.37013114234824
            ],
            [
              108.89836834171699,
              34.37014537513872
            ]
          ],
          [
            [
              108.898318459813,
              34.37013762430612
            ],
            [
              108.89836550347755,
              34.370151857096594
            ]
          ]
        ]
      }
    },
    {
      "type": "Feature",
      "id": "wm2-f5-facility-04",
      "properties": {
        "campus_id": "weishui",
        "building_id": "WM2",
        "building_key": "wm2",
        "building_place_id": "weishui.osm.way.440689410",
        "floor": 5,
        "level": 5,
        "georef_status": "verified",
        "georef_transform_id": "wm2-visual-redraw-20260927",
        "source_floorplan": "source/mingyuan_b_floors_4-5_reference.jpg",
        "render_class": "facility",
        "kind": "stair",
        "space_type": "stair",
        "name": "楼梯",
        "facility_label": "楼梯"
      },
      "geometry": {
        "type": "Polygon",
        "coordinates": [
          [
            [
              108.89856291101901,
              34.370261762785255
            ],
            [
              108.89852941048804,
              34.37033827114048
            ],
            [
              108.89847827607004,
              34.37032280071605
            ],
            [
              108.89851177660101,
              34.37024629236082
            ],
            [
              108.89856291101901,
              34.370261762785255
            ]
          ]
        ]
      }
    },
    {
      "type": "Feature",
      "id": "wm2-f5-stair-detail-04",
      "properties": {
        "campus_id": "weishui",
        "building_id": "WM2",
        "building_key": "wm2",
        "building_place_id": "weishui.osm.way.440689410",
        "floor": 5,
        "level": 5,
        "georef_status": "verified",
        "georef_transform_id": "wm2-visual-redraw-20260927",
        "source_floorplan": "source/mingyuan_b_floors_4-5_reference.jpg",
        "render_class": "facility_detail",
        "kind": "stair_steps",
        "space_type": "stair"
      },
      "geometry": {
        "type": "MultiLineString",
        "coordinates": [
          [
            [
              108.89851196271955,
              34.370257769891296
            ],
            [
              108.89855389294232,
              34.370270455639336
            ]
          ],
          [
            [
              108.89850922176701,
              34.37026402966582
            ],
            [
              108.89855115198978,
              34.37027671541385
            ]
          ],
          [
            [
              108.89850648081449,
              34.370270289440334
            ],
            [
              108.89854841103724,
              34.370282975188374
            ]
          ],
          [
            [
              108.89850373986195,
              34.37027654921486
            ],
            [
              108.89854567008472,
              34.37028923496289
            ]
          ],
          [
            [
              108.89850099890941,
              34.37028280898937
            ],
            [
              108.89854292913218,
              34.370295494737405
            ]
          ],
          [
            [
              108.89849825795689,
              34.370289068763896
            ],
            [
              108.89854018817964,
              34.37030175451193
            ]
          ],
          [
            [
              108.89849551700435,
              34.37029532853841
            ],
            [
              108.89853744722711,
              34.370308014286444
            ]
          ],
          [
            [
              108.89849277605181,
              34.370301588312934
            ],
            [
              108.89853470627457,
              34.370314274060966
            ]
          ],
          [
            [
              108.89849003509927,
              34.37030784808745
            ],
            [
              108.89853196532204,
              34.37032053383548
            ]
          ],
          [
            [
              108.89848729414675,
              34.370314107861965
            ],
            [
              108.8985292243695,
              34.370326793610005
            ]
          ]
        ]
      }
    }
  ]
}
